Name,Team,W,L,SV,G,GS,IP,SO,ER,BB,H,ERA,WHIP,MLBAMID
Sandy Alcantara,Marlins,14,9,0,32,32,228.7,207,58,50,174,2.28,0.98,645261
Aaron Nola,Phillies,11,13,0,32,32,205.0,235,74,29,168,3.25,0.96,605400
Miles Mikolas,Cardinals,12,13,0,33,32,202.3,153,74,39,170,3.29,1.03,571945
Corbin Burnes,Brewers,12,8,0,33,33,202.0,243,66,51,144,2.94,0.97,669203
Framber Valdez,Astros,17,6,0,31,31,201.3,194,63,67,166,2.82,1.16,664285
Gerrit Cole,Yankees,13,8,0,33,33,200.7,257,78,50,154,3.5,1.02,543037
Merrill Kelly,Diamondbacks,13,8,0,33,33,200.3,177,75,61,167,3.37,1.14,518876
Shane Bieber,Guardians,13,8,0,31,31,200.0,198,64,36,172,2.88,1.04,669456
Alek Manoah,Jays,16,7,0,31,31,196.7,180,49,51,144,2.24,0.99,666201
Martín Pérez,Rangers,12,8,0,32,32,196.3,169,63,69,178,2.89,1.26,527048
Yu Darvish,Padres,16,8,0,30,30,194.7,197,67,37,148,3.1,0.95,506433
Logan Webb,Giants,15,9,0,32,32,192.3,163,62,49,174,2.9,1.16,657277
Adam Wainwright,Cardinals,11,12,0,32,32,191.7,143,79,54,192,3.71,1.28,425794
Triston McKenzie,Guardians,11,11,0,31,30,191.3,190,63,44,138,2.96,0.95,663474
Robbie Ray,Mariners,12,12,0,32,32,189.0,212,78,62,163,3.71,1.19,592662
Cal Quantrill,Guardians,15,5,0,32,32,186.3,128,70,47,178,3.38,1.21,615698
Logan Gilbert,Mariners,13,6,0,32,32,185.7,174,66,49,170,3.2,1.18,669302
Max Fried,Braves,14,7,0,30,30,185.3,170,51,32,156,2.48,1.01,608331
Dylan Cease,Sox,14,8,0,32,32,184.0,227,45,78,126,2.2,1.11,656302
Zac Gallen,Diamondbacks,12,4,0,31,31,184.0,192,52,47,121,2.54,0.91,668678
Marco Gonzales,Mariners,10,15,0,32,32,183.0,103,84,50,194,4.13,1.33,594835
Chris Bassitt,Mets,15,9,0,30,30,181.7,167,69,49,159,3.42,1.14,605135
Germán Márquez,Rockies,9,13,0,31,31,181.7,150,100,63,185,4.95,1.37,608566
Cole Irvin,Athletics,9,13,0,30,30,181.0,128,80,36,174,3.98,1.16,608344
Joe Musgrove,Padres,10,7,0,30,30,181.0,184,59,42,154,2.93,1.08,605397
Kyle Wright,Braves,21,5,0,30,30,180.3,174,64,53,156,3.19,1.16,657140
Pablo López,Marlins,10,10,0,32,32,180.0,174,75,53,157,3.75,1.17,641154
Nick Pivetta,Sox,10,12,0,33,33,179.7,175,91,73,175,4.56,1.38,601713
Jordan Lyles,Orioles,12,11,0,32,32,179.0,144,88,52,196,4.42,1.39,543475
Tyler Anderson,Dodgers,15,5,0,30,28,178.7,138,51,34,145,2.57,1.0,542881
Jordan Montgomery,Cardinals,9,6,0,32,32,178.3,158,69,36,159,3.48,1.09,656756
Carlos Rodón,Giants,14,8,0,31,31,178.0,237,57,52,131,2.88,1.03,607074
Jameson Taillon,Yankees,14,5,0,32,32,177.3,151,77,32,168,3.91,1.13,592791
Julio Urías,Dodgers,17,7,0,31,31,175.0,166,42,41,127,2.16,0.96,628711
Justin Verlander,Astros,18,4,0,28,28,175.0,185,34,29,116,1.75,0.83,434378
Kyle Freeland,Rockies,9,11,0,31,31,174.7,131,88,53,193,4.53,1.41,607536
Kevin Gausman,Jays,12,10,0,31,31,174.7,205,65,28,188,3.35,1.24,592332
José Berríos,Jays,12,7,0,32,32,172.0,149,100,45,199,5.23,1.42,621244
Charlie Morton,Braves,9,6,0,31,31,172.0,205,83,63,149,4.34,1.23,450203
Kyle Gibson,Phillies,10,8,0,31,31,167.7,144,94,48,176,5.05,1.34,502043
Shane McClanahan,Rays,12,8,0,28,28,166.3,194,47,38,116,2.54,0.93,663556
Shohei Ohtani,Angels,15,9,0,28,28,166.0,219,43,44,124,2.33,1.01,660271
Jose Quintana,Cardinals,6,7,0,32,32,165.7,137,54,47,154,2.93,1.21,500779
José Urquidy,Astros,13,8,0,29,28,164.3,134,72,38,154,3.94,1.17,664353
Corey Kluber,Rays,10,10,0,31,31,164.0,139,79,21,178,4.34,1.21,446372
Lucas Giolito,Sox,11,9,0,30,30,161.7,177,88,61,171,4.9,1.44,608337
Mitch Keller,Pirates,5,12,0,31,29,159.0,138,69,60,162,3.91,1.4,656605
Madison Bumgarner,Diamondbacks,7,15,0,30,30,158.7,112,86,49,179,4.88,1.44,518516
Eric Lauer,Brewers,11,7,0,29,29,158.7,157,65,59,135,3.69,1.22,641778
Nestor Cortes,Yankees,12,4,0,28,28,158.3,163,43,38,108,2.44,0.92,641482
Johnny Cueto,Sox,8,10,0,25,24,158.3,102,59,33,161,3.35,1.23,456501
Sean Manaea,Padres,8,9,0,30,28,158.0,156,87,50,155,4.96,1.3,640455
Luis Garcia,Astros,15,8,0,28,28,157.3,157,65,47,131,3.72,1.13,677651
Taijuan Walker,Mets,12,5,0,29,29,157.3,132,61,45,143,3.49,1.19,592836
Ranger Suarez,Phillies,10,7,0,29,29,155.3,129,63,58,149,3.65,1.33,624133
Dane Dunning,Rangers,4,8,0,29,29,153.3,137,76,62,158,4.46,1.43,641540
Brady Singer,Royals,10,5,0,27,24,153.3,150,55,35,140,3.23,1.14,663903
Brandon Woodruff,Brewers,13,4,0,27,27,153.3,190,52,42,122,3.05,1.07,605540
Zack Wheeler,Phillies,12,7,0,26,26,153.0,163,48,34,125,2.82,1.04,554430
Patrick Corbin,Nationals,6,19,0,31,31,152.7,128,107,49,210,6.31,1.7,571578
Carlos Carrasco,Mets,15,7,0,29,29,152.0,152,67,41,161,3.97,1.33,471911
Luis Castillo,Mariners,8,6,0,25,25,150.3,167,50,45,118,2.99,1.08,622491
Alex Cobb,Giants,7,8,0,28,28,149.7,151,62,43,152,3.73,1.3,502171
Josiah Gray,Nationals,7,10,0,28,28,148.7,154,83,66,136,5.02,1.36,680686
Cristian Javier,Astros,11,9,0,30,25,148.7,194,42,52,89,2.54,0.95,664299
Patrick Sandoval,Angels,6,9,0,27,27,148.7,151,48,60,139,2.91,1.34,663776
Joe Ryan,Twins,13,8,0,27,27,147.0,151,58,47,115,3.55,1.1,657746
Drew Rasmussen,Rays,11,7,0,28,28,146.0,125,46,31,121,2.84,1.04,656876
Max Scherzer,Mets,11,5,0,23,23,145.3,173,37,24,108,2.29,0.91,453286
Frankie Montas,Yankees,5,12,0,27,27,144.3,142,65,43,137,4.05,1.25,593423
JT Brubaker,Pirates,3,12,0,28,28,144.0,147,75,54,157,4.69,1.47,664141
Dylan Bundy,Twins,8,8,0,29,29,140.0,94,76,28,151,4.89,1.28,605164
Dakota Hudson,Cardinals,8,7,0,27,26,139.7,78,69,61,141,4.45,1.45,641712
Brad Keller,Royals,6,14,1,35,22,139.7,102,79,57,153,5.09,1.5,641745
Marcus Stroman,Cubs,6,7,0,25,25,138.7,119,54,36,123,3.5,1.15,573186
Chris Flexen,Mariners,8,9,2,33,22,137.7,95,57,51,132,3.73,1.33,623167
Zack Greinke,Royals,4,9,0,26,26,137.0,73,56,27,157,3.68,1.34,425844
Chad Kuhl,Rockies,6,11,0,27,27,137.0,110,87,58,155,5.72,1.55,641771
Glenn Otto Jr.,Rangers,7,10,0,27,27,135.7,107,70,62,119,4.64,1.33,657248
Jeffrey Springs,Rays,9,5,0,33,25,135.3,144,37,31,114,2.46,1.07,605488
Noah Syndergaard,Phillies,10,10,0,25,24,134.7,95,59,31,138,3.94,1.25,592789
Zach Davies,Diamondbacks,2,5,0,27,27,134.3,102,61,52,122,4.09,1.3,605200
Ross Stripling,Jays,10,4,1,32,24,134.3,111,45,20,117,3.01,1.02,548389
James Kaprielian,Athletics,5,9,0,26,26,134.0,98,63,59,121,4.23,1.34,621076
Daniel Lynch IV,Royals,4,13,0,27,27,131.7,122,75,52,155,5.13,1.57,663738
Zach Plesac,Guardians,3,12,0,25,24,131.7,100,63,38,136,4.31,1.32,668676
Spencer Strider,Braves,11,5,0,31,20,131.7,202,39,45,86,2.67,0.99,675911
Alex Wood,Giants,8,12,0,26,26,130.7,131,74,30,132,5.1,1.24,622072
Tony Gonsolin,Dodgers,16,1,0,24,24,130.3,119,31,35,79,2.14,0.87,664062
George Kirby,Mariners,8,5,0,25,25,130.0,133,49,22,135,3.39,1.21,669923
Kris Bubic,Royals,3,13,0,28,27,129.0,110,80,63,156,5.58,1.7,663460
Reid Detmers,Angels,7,6,0,25,25,129.0,122,54,46,110,3.77,1.21,672282
Blake Snell,Padres,8,10,0,24,24,128.0,171,48,51,103,3.38,1.2,605483
Jon Gray,Rangers,7,7,0,24,24,127.3,134,56,39,105,3.96,1.13,592351
Michael Wacha,Sox,11,2,0,23,23,127.3,104,47,31,111,3.32,1.12,608379
Erick Fedde,Nationals,6,13,0,27,27,127.0,94,82,58,149,5.81,1.63,607200
Clayton Kershaw,Dodgers,12,3,0,22,22,126.3,137,32,23,96,2.28,0.94,477132
Hunter Greene,Reds,5,13,0,24,24,125.7,164,62,48,104,4.44,1.21,668881
Dean Kremer,Orioles,8,7,0,22,21,125.3,87,45,34,123,3.23,1.25,665152
Austin Gomber,Rockies,5,7,0,33,17,124.7,95,77,34,137,5.56,1.37,596295
Rich Hill,Sox,8,7,0,26,26,124.3,109,59,37,125,4.27,1.3,448179
Lance Lynn,Sox,8,7,0,21,21,121.7,124,54,19,119,3.99,1.13,458681
Zach Thompson,Pirates,3,10,0,29,22,121.7,90,70,46,138,5.18,1.51,605507
Tyler Mahle,Twins,6,8,0,23,23,120.7,126,59,43,104,4.4,1.22,641816
Sonny Gray,Twins,8,5,0,24,24,119.7,117,41,36,99,3.08,1.13,543243
Michael Kopech,Sox,5,9,0,25,25,119.3,105,47,57,85,3.54,1.19,656629
Justin Steele,Cubs,4,7,0,24,24,119.0,126,42,50,111,3.18,1.35,657006
Kyle Bradish,Orioles,4,7,0,23,23,117.7,111,64,46,119,4.9,1.4,680694
Tarik Skubal,Tigers,7,8,0,21,21,117.7,117,46,32,104,3.52,1.16,669373
Bryse Wilson,Pirates,3,9,0,25,20,115.7,79,71,32,132,5.52,1.42,669060
Keegan Thompson,Cubs,10,5,1,29,17,115.0,108,48,43,103,3.76,1.27,624522
Mike Clevinger,Padres,7,7,0,23,22,114.3,91,55,35,102,4.33,1.2,605182
Paolo Espino,Nationals,0,9,0,42,19,113.3,92,61,24,131,4.84,1.37,502179
Jakob Junis,Giants,5,7,0,23,17,112.0,98,55,25,120,4.42,1.29,596001
Ian Anderson,Braves,10,6,0,22,22,111.7,97,62,54,115,5.0,1.51,666120
Paul Blackburn,Athletics,7,6,0,21,21,111.3,89,53,30,110,4.28,1.26,621112
Nathan Eovaldi,Sox,6,3,0,20,20,109.3,103,47,20,115,3.87,1.23,543135
José Suarez,Angels,8,8,0,22,20,109.0,103,48,33,103,3.96,1.25,660761
Andre Pallante,Cardinals,6,5,0,47,10,108.0,73,38,40,113,3.17,1.42,669467
Aaron Ashby,Brewers,2,10,1,27,19,107.3,126,53,47,106,4.44,1.43,676879
Trevor Rogers,Marlins,4,11,0,23,23,107.0,106,65,45,116,5.47,1.5,669432
Nick Martinez,Padres,4,4,8,47,10,106.3,95,41,41,96,3.47,1.29,607259
Jake Odorizzi,Braves,6,6,0,22,22,106.3,86,52,35,106,4.4,1.33,543606
Drew Smyly,Cubs,7,8,0,22,22,106.3,91,41,26,101,3.47,1.19,592767
David Peterson,Mets,7,5,0,28,19,105.7,126,45,48,93,3.83,1.33,656849
Drew Hutchison,Tigers,3,9,0,28,18,105.3,68,53,42,114,4.53,1.48,571800
Spenser Watkins,Orioles,5,6,0,23,20,105.3,63,55,30,119,4.7,1.41,657093
Graham Ashcraft,Reds,5,6,0,19,19,105.0,71,57,30,119,4.89,1.42,668933
Adrian Sampson,Cubs,4,5,0,21,19,104.3,73,36,27,101,3.11,1.23,592716
Jonathan Heasley,Royals,4,10,0,21,21,104.0,70,61,47,108,5.28,1.49,669169
Tyler Wells,Orioles,7,7,0,23,23,103.7,76,49,28,90,4.25,1.14,669330
Nick Lodolo,Reds,4,7,0,19,19,103.3,131,42,39,90,3.66,1.25,666157
Chris Archer,Twins,2,8,0,25,25,102.7,84,52,48,87,4.56,1.31,502042
Adrian Houser,Brewers,6,10,0,22,21,102.7,69,54,47,103,4.73,1.46,605288
Luis Severino,Yankees,7,3,0,19,19,102.0,112,36,30,72,3.18,1.0,622663
Austin Voth,Orioles,5,4,0,41,17,101.7,90,49,31,111,4.34,1.4,608723
Tyler Alexander,Tigers,4,11,0,27,17,101.0,61,54,25,108,4.81,1.32,641302
Yusei Kikuchi,Jays,6,7,1,32,20,100.7,124,58,58,93,5.19,1.5,579328
Jesús Luzardo,Marlins,4,7,0,18,18,100.3,120,37,35,69,3.32,1.04,666200
Taylor Hearn,Rangers,6,8,1,31,13,100.0,97,57,43,107,5.13,1.5,621368
Mitch White,Jays,1,7,0,25,18,99.0,78,60,35,110,5.45,1.46,669952
Mike Minor,Reds,4,12,0,19,19,98.0,76,66,40,120,6.06,1.63,501985
Michael Lorenzen,Angels,8,6,0,18,18,97.7,85,46,44,81,4.24,1.28,547179
Ryan Feltner,Rockies,4,9,0,20,19,97.3,84,63,35,102,5.83,1.41,663372
Aaron Civale,Guardians,5,6,0,20,20,97.0,98,53,22,93,4.92,1.19,650644
José Ureña,Rockies,3,8,0,21,17,97.0,63,54,43,109,5.01,1.57,570632
Roansy Contreras,Pirates,5,5,0,21,18,95.0,86,40,39,82,3.79,1.27,672710
Antonio Senzatela,Rockies,3,7,0,19,19,92.3,54,52,23,133,5.07,1.69,622608
Eduardo Rodriguez,Tigers,5,5,0,17,17,91.0,72,41,34,87,4.05,1.33,593958
Trevor Williams,Mets,3,5,1,30,9,89.7,84,32,23,87,3.21,1.23,592866
Braxton Garrett,Marlins,3,7,0,17,17,88.0,90,35,24,86,3.58,1.25,666129
Erasmo Ramírez,Nationals,4,2,0,60,2,86.3,61,28,14,79,2.92,1.08,541640
Kyle Hendricks,Cubs,4,6,0,16,16,84.3,66,45,24,85,4.8,1.29,543294
Bailey Falter,Phillies,6,4,0,20,16,84.0,74,36,17,85,3.86,1.21,663559
Brock Burke,Rangers,7,5,0,52,0,82.3,90,18,24,63,1.97,1.06,656271
Keegan Akin,Orioles,3,3,2,45,1,81.7,77,29,20,69,3.2,1.09,669211
Beau Brieske,Tigers,3,6,0,15,15,81.7,54,38,25,73,4.19,1.2,689225
Luis Cessa,Reds,4,4,0,46,10,80.7,59,41,28,76,4.57,1.29,570666
Ryan Yarbrough,Rays,3,8,0,20,9,80.0,61,40,22,88,4.5,1.38,642232
Jaime Barria,Angels,3,3,0,35,1,79.3,54,23,19,63,2.61,1.03,642545
Garrett Whitlock,Sox,4,2,6,31,9,78.3,82,30,15,65,3.45,1.02,676477
Freddy Peralta,Brewers,4,4,0,18,17,78.0,86,31,27,54,3.58,1.04,642547
Kutter Crawford,Sox,3,6,0,21,12,77.3,77,47,29,81,5.47,1.42,676710
Wil Crowe,Pirates,6,10,4,60,1,76.0,68,37,38,68,4.38,1.39,640444
Zach Eflin,Phillies,3,5,1,20,13,75.7,65,34,15,70,4.04,1.12,621107
Tyler Rogers,Giants,3,4,0,68,0,75.7,49,30,23,73,3.57,1.27,643511
Vince Velasquez,Sox,3,3,0,27,9,75.3,69,40,25,68,4.78,1.23,592826
Scott Barlow,Royals,7,4,24,69,0,74.3,77,18,22,52,2.18,1.0,605130
Adam Oller,Athletics,2,8,0,19,14,74.3,46,52,39,82,6.3,1.63,670124
Matt Moore,Rangers,5,2,5,63,0,74.0,83,16,38,49,1.95,1.18,519043
Dillon Tate,Orioles,4,4,5,67,0,73.7,60,25,16,57,3.05,0.99,622253
Bruce Zimmermann,Orioles,2,5,0,15,13,73.7,49,49,12,97,5.99,1.48,669145
Emmanuel Clase,Guardians,3,4,42,77,0,72.7,77,11,10,43,1.36,0.73,661403
Andrew Heaney,Dodgers,4,4,0,16,14,72.7,110,25,19,60,3.1,1.09,571760
Domingo Germán,Yankees,2,5,0,15,14,72.3,58,29,19,65,3.61,1.16,593334
Griffin Jax,Twins,7,4,1,65,0,72.3,78,27,20,56,3.36,1.05,643377
Jason Alexander,Brewers,2,3,0,18,11,71.7,46,43,28,88,5.4,1.62,669920
Edward Cabrera,Marlins,6,4,0,14,14,71.7,75,24,33,44,3.01,1.07,665795
Chase De Jong,Pirates,6,3,1,42,0,71.7,59,21,30,52,2.64,1.14,608328
Jorge López,Twins,4,7,23,67,0,71.0,72,20,31,53,2.54,1.18,605347
Adam Cimber,Jays,10,6,4,77,0,70.7,58,22,13,66,2.8,1.12,643256
Anthony Bass,Jays,4,3,0,73,0,70.3,73,12,20,51,1.54,1.01,542914
Devin Smeltzer,Twins,5,2,0,15,12,70.3,40,29,19,67,3.71,1.22,656970
Josh Winckowski,Sox,5,7,0,15,14,70.3,44,46,27,85,5.89,1.59,670174
MacKenzie Gore,Padres,4,4,0,16,13,70.0,72,35,37,66,4.5,1.47,669022
A.J. Minter,Braves,5,4,5,75,0,70.0,94,16,15,49,2.06,0.91,621345
JP Sears,Athletics,6,3,0,17,11,70.0,51,30,23,67,3.86,1.29,676664
Caleb Smith,Diamondbacks,1,3,0,44,1,70.0,65,32,39,57,4.11,1.37,592761
Bryan Baker,Orioles,4,3,1,66,2,69.7,76,27,26,60,3.49,1.23,641329
Jesse Chavez,Braves,4,3,0,60,1,69.3,74,29,20,71,3.76,1.31,445926
Collin McHugh,Braves,3,2,0,58,0,69.3,75,20,14,51,2.6,0.94,543521
Penn Murfee,Mariners,4,0,0,64,1,69.3,76,23,18,48,2.99,0.95,682171
Aníbal Sánchez,Nationals,4,6,0,14,14,69.3,48,33,33,55,4.28,1.27,434671
Jimmy Herget,Angels,2,1,9,49,1,69.0,63,19,15,48,2.48,0.91,623474
Nick Nelson,Phillies,3,2,1,47,2,68.7,69,37,36,66,4.85,1.49,656793
Rafael Montero,Astros,5,2,14,71,0,68.3,73,18,23,47,2.37,1.02,606160
John Brebbia,Giants,6,2,0,76,11,68.0,54,24,18,71,3.18,1.31,605154
Dylan Coleman,Royals,5,2,0,68,0,68.0,71,21,37,47,2.78,1.24,669395
Domingo Acevedo,Athletics,4,4,4,70,0,67.7,58,25,17,50,3.33,0.99,642758
Camilo Doval,Giants,6,6,27,68,0,67.7,80,19,30,54,2.53,1.24,666808
Jhoan Duran,Twins,2,4,8,57,0,67.7,89,14,16,50,1.86,0.98,661395
Mark Leiter Jr.,Cubs,2,7,3,35,4,67.7,73,30,25,52,3.99,1.14,643410
Nabil Crismatt,Padres,5,2,0,50,1,67.3,65,22,22,57,2.94,1.17,622503
Josh Winder,Twins,4,6,0,15,11,67.0,47,35,18,69,4.7,1.3,680739
Kyle Finnegan,Nationals,6,4,11,66,0,66.7,70,26,22,54,3.51,1.14,640448
Eli Morgan,Guardians,5,3,0,50,1,66.7,72,25,13,46,3.37,0.88,669212
Brent Suter,Brewers,5,3,0,54,0,66.7,53,28,22,58,3.78,1.2,608718
Steve Cishek,Nationals,1,4,1,69,0,66.3,74,31,27,54,4.21,1.22,518553
A.J. Puk,Athletics,4,3,4,62,0,66.3,76,23,23,53,3.12,1.15,640462
Félix Bautista,Orioles,4,4,15,65,0,65.7,88,16,23,38,2.19,0.93,642585
Phil Maton,Astros,0,2,0,67,0,65.7,73,28,24,58,3.84,1.25,664208
Adam Ottavino,Mets,6,3,3,66,0,65.7,79,15,16,48,2.06,0.97,493603
Reynaldo López,Sox,6,4,0,61,1,65.3,63,20,11,51,2.76,0.95,625643
Héctor Neris,Astros,6,4,3,70,0,65.3,79,27,17,49,3.72,1.01,593576
Walker Buehler,Dodgers,6,3,0,12,12,65.0,58,29,17,67,4.02,1.29,621111
Jarlín García,Giants,1,4,1,58,0,65.0,56,27,18,60,3.74,1.2,606424
Kendall Graveman,Sox,3,4,6,65,0,65.0,66,23,26,65,3.18,1.4,608665
Seth Lugo,Mets,3,2,3,62,0,65.0,69,26,18,58,3.6,1.17,607625
Andrés Muñoz,Mariners,2,5,4,64,0,65.0,96,18,15,43,2.49,0.89,662253
John Schreiber,Sox,4,4,8,64,0,65.0,74,16,19,45,2.22,0.98,670167
Joan Adon,Nationals,1,12,0,14,14,64.7,55,51,39,76,7.1,1.78,672851
Ryan Helsley,Cardinals,9,1,19,54,0,64.7,94,9,20,28,1.25,0.74,664854
Hoby Milner,Brewers,3,3,0,67,0,64.7,64,27,15,61,3.76,1.18,571948
Taylor Rogers,Brewers,4,8,31,66,0,64.3,84,34,19,57,4.76,1.18,573124
Jacob deGrom,Mets,5,4,0,11,11,64.3,102,22,8,40,3.08,0.75,594798
Brad Boxberger,Brewers,4,3,1,70,0,64.0,68,21,27,52,2.95,1.23,502202
Kenley Jansen,Braves,5,2,41,65,0,64.0,85,24,22,45,3.38,1.05,445276
Trevor Richards,Jays,3,2,0,62,4,64.0,82,38,35,57,5.34,1.44,670950
Jordan Romano,Jays,5,4,36,63,0,64.0,73,15,21,44,2.11,1.02,605447
Paul Sewald,Mariners,5,4,20,65,0,64.0,72,19,17,32,2.67,0.77,623149
Rowan Wick,Cubs,4,7,9,64,0,64.0,69,30,29,79,4.22,1.69,592858
Alexis Díaz,Reds,7,3,10,59,0,63.7,83,13,33,28,1.84,0.96,664747
Michael Fulmer,Twins,5,6,3,67,0,63.7,61,24,28,59,3.39,1.37,605242
Clay Holmes,Yankees,7,4,20,62,0,63.7,65,18,20,45,2.54,1.02,605280
David Phelps,Jays,0,2,1,65,1,63.7,64,20,31,52,2.83,1.3,475479
David Robertson,Phillies,4,3,20,58,0,63.7,81,17,35,39,2.4,1.16,502085
Trevor Stephan,Guardians,6,5,3,66,0,63.7,82,19,18,57,2.69,1.18,663986
Jason Adam,Rays,2,3,8,67,0,63.3,75,11,17,31,1.56,0.76,592094
Alex Lange,Tigers,7,4,0,71,0,63.3,82,24,31,47,3.41,1.23,656638
Davis Martin,Sox,3,6,0,14,9,63.3,48,34,19,63,4.83,1.29,663436
Chris Stratton,Cardinals,10,4,2,60,1,63.3,60,30,25,72,4.26,1.53,608717
Matt Manning,Tigers,2,3,0,12,12,63.0,48,24,19,55,3.43,1.17,666159
Emilio Pagán,Twins,4,6,9,59,0,63.0,84,31,26,60,4.43,1.37,641941
Evan Phillips,Dodgers,7,3,2,64,0,63.0,77,8,15,33,1.14,0.76,623465
Will Vest,Tigers,3,3,1,59,2,63.0,63,28,22,62,4.0,1.33,676684
Tanner Scott,Marlins,4,5,20,67,0,62.7,90,30,46,55,4.31,1.61,656945
Ryan Brasier,Sox,0,3,1,68,0,62.3,64,40,13,68,5.78,1.3,518489
Elieser Hernández,Marlins,3,6,0,20,10,62.3,60,44,22,67,6.35,1.43,622694
Hunter Strickland,Reds,3,3,7,66,0,62.3,60,34,33,61,4.91,1.51,519326
Edwin Díaz,Mets,3,1,32,61,0,62.0,118,9,18,34,1.31,0.84,621242
Carl Edwards Jr.,Nationals,6,3,2,57,0,62.0,56,19,25,51,2.76,1.23,605218
Sam Hentges,Guardians,3,2,1,57,0,62.0,72,16,19,41,2.32,0.97,656529
Raisel Iglesias,Braves,2,6,17,67,0,62.0,78,17,14,46,2.47,0.97,628452
Shawn Armstrong,Rays,2,3,2,50,3,61.7,66,30,17,66,4.38,1.35,542888
Tyler Beede,Pirates,2,5,0,31,5,61.3,39,35,29,71,5.14,1.63,595881
Mychal Givens,Mets,7,3,2,59,1,61.3,71,23,25,56,3.38,1.32,571710
Jordan Hicks,Cardinals,3,6,0,35,8,61.3,63,33,35,46,4.84,1.32,663855
Jalen Beeks,Rays,2,3,2,42,7,61.0,70,19,22,49,2.8,1.16,656222
Phil Bickford,Dodgers,2,1,0,60,0,61.0,67,32,14,53,4.72,1.1,641360
Luis García,Padres,4,6,3,64,0,61.0,68,23,17,57,3.39,1.21,472610
Yimi García,Jays,4,5,1,61,0,61.0,58,21,16,48,3.1,1.05,554340
Dallas Keuchel,Rangers,2,9,0,14,14,60.7,45,62,31,94,9.2,2.06,572971
José Ruiz,Sox,1,0,0,63,0,60.7,68,31,33,53,4.6,1.42,614179
Devin Williams,Brewers,6,4,15,65,0,60.7,96,13,30,31,1.93,1.01,642207
Bryan Abreu,Astros,4,0,2,55,0,60.3,88,13,26,45,1.94,1.18,650556
Daniel Bard,Rockies,6,4,34,57,0,60.3,69,12,25,35,1.79,0.99,453268
Jason Foley,Tigers,1,0,0,60,0,60.3,43,26,11,72,3.88,1.38,671345
Garrett Hill,Tigers,3,3,0,17,8,60.3,40,27,29,53,4.03,1.36,682051
Gregory Soto,Tigers,2,11,30,64,0,60.3,60,22,34,49,3.28,1.38,642397
Tanner Houck,Sox,5,4,8,32,4,60.0,56,21,22,49,3.15,1.18,656557
Craig Kimbrel,Dodgers,6,7,22,63,0,60.0,72,25,28,51,3.75,1.32,518886
Joe Mantiply,Diamondbacks,2,5,2,69,0,60.0,61,19,6,59,2.85,1.08,573009
Aaron Sanchez,Twins,3,4,0,15,10,60.0,41,44,15,78,6.6,1.55,592717
Matt Bush,Brewers,2,3,3,65,6,59.7,74,23,18,43,3.47,1.02,456713
Andrés Machado,Nationals,2,0,0,51,0,59.3,46,22,26,55,3.34,1.37,600921
Caleb Thielbar,Twins,4,3,1,67,0,59.3,80,23,18,51,3.49,1.16,573204
Giovanny Gallegos,Cardinals,3,6,14,57,0,59.0,73,20,18,42,3.05,1.02,606149
Will Smith,Astros,0,3,5,65,0,59.0,65,26,25,58,3.97,1.41,519293
Aaron Loup,Angels,0,5,1,65,0,58.7,52,25,22,54,3.84,1.3,571901
Daniel Norris,Tigers,2,4,0,41,3,58.7,66,34,29,45,5.22,1.26,596057
Colin Poche,Rays,4,2,7,65,0,58.7,64,26,22,46,3.99,1.16,621363
Dennis Santana,Rangers,3,8,1,63,1,58.7,54,34,28,50,5.22,1.33,642701
Bryan Shaw,Guardians,6,2,1,60,2,58.3,52,35,26,58,5.4,1.44,543766
Joel Kuhnel,Reds,2,3,1,53,0,58.0,56,41,14,67,6.36,1.4,669270
Konnor Pilkington,Guardians,1,2,0,15,11,58.0,50,25,32,53,3.88,1.47,663455
Robert Stephenson,Pirates,2,2,0,58,0,58.0,55,35,14,63,5.43,1.33,596112
Jake Diekman,Sox,5,4,1,70,0,57.7,79,32,42,52,4.99,1.63,518617
Liam Hendriks,Sox,4,4,37,58,0,57.7,85,18,16,44,2.81,1.04,521230
Brandon Hughes,Cubs,2,3,8,57,0,57.7,68,20,21,42,3.12,1.09,676714
Joey Krehbiel,Orioles,5,5,1,56,0,57.7,45,25,18,53,3.9,1.23,607216
Adrián Martinez,Athletics,4,6,0,12,12,57.7,53,40,19,69,6.24,1.53,661309
Cionel Pérez,Orioles,7,1,1,66,0,57.7,55,9,21,46,1.4,1.16,672335
Clarke Schmidt,Yankees,5,5,2,29,3,57.7,56,20,23,46,3.12,1.2,657376
Brayan Bello,Sox,2,8,0,13,11,57.3,55,30,27,75,4.71,1.78,678394
Andrew Chafin,Tigers,2,3,3,64,0,57.3,67,18,19,48,2.83,1.17,605177
Lucas Luetge,Yankees,4,4,2,50,0,57.3,60,17,17,63,2.67,1.4,476595
Ryan Tepera,Angels,5,4,6,59,0,57.3,47,23,20,42,3.61,1.08,572193
Duane Underwood Jr.,Pirates,1,6,1,51,1,57.3,57,28,25,57,4.4,1.43,621249
Carlos Estévez,Rockies,4,4,2,62,0,57.0,54,22,23,44,3.47,1.18,608032
Zach Logue,Athletics,3,8,0,14,10,57.0,42,43,20,68,6.79,1.54,656657
Reiver Sanmartin,Reds,4,4,0,45,4,57.0,47,40,29,66,6.32,1.67,665665
Scott Effross,Yankees,1,4,4,60,1,56.7,62,16,15,45,2.54,1.06,664123
Joe Jiménez,Tigers,3,2,2,62,0,56.7,77,22,13,49,3.49,1.09,641729
Wandy Peralta,Yankees,3,4,4,56,0,56.3,47,17,17,42,2.72,1.05,593974
Austin Davis,Twins,2,1,0,52,3,56.0,64,36,33,57,5.79,1.61,656354
Carlos Hernández,Royals,0,5,0,27,7,56.0,35,46,31,72,7.39,1.84,672578
Chris Martin,Dodgers,4,1,2,60,0,56.0,74,19,5,50,3.05,0.98,455119
Mark Melancon,Diamondbacks,3,10,18,62,0,56.0,35,29,21,63,4.66,1.5,453343
Bailey Ober,Twins,2,3,0,11,11,56.0,51,20,11,48,3.21,1.05,641927
Johan Oviedo,Pirates,4,3,0,21,8,56.0,54,20,23,49,3.21,1.29,670912
Joel Payamps,Athletics,3,6,0,41,0,55.7,41,20,16,60,3.23,1.37,606303
Austin Pruitt,Athletics,0,1,1,39,1,55.3,38,26,9,48,4.23,1.03,643493
Michael Rucker,Cubs,3,1,0,41,0,54.7,50,24,20,50,3.95,1.28,621074
Ryne Stanek,Astros,2,1,1,59,0,54.7,62,7,31,36,1.15,1.23,592773
Andrew Bellatti,Phillies,4,4,2,59,1,54.3,78,20,25,47,3.31,1.33,571479
Diego Castillo,Mariners,7,3,7,59,0,54.3,53,22,22,40,3.64,1.14,650895
Alex Vesia,Dodgers,5,0,1,63,0,54.3,79,13,24,37,2.15,1.12,681911
Bryce Elder,Braves,2,4,0,10,9,54.0,47,19,23,44,3.17,1.24,693821
Matt Festa,Mariners,2,0,2,53,0,54.0,64,25,18,43,4.17,1.13,670036
Alex Faedo,Tigers,1,5,0,12,12,53.7,44,33,25,63,5.53,1.64,656412
Dylan Floro,Marlins,1,3,10,56,0,53.7,48,18,15,48,3.02,1.17,571670
Brooks Raley,Rays,1,2,6,60,0,53.7,61,16,15,37,2.68,0.97,548384
Jackson Stephens,Braves,3,3,2,39,1,53.7,47,22,23,49,3.69,1.34,623451
Erik Swanson,Mariners,3,2,3,57,1,53.7,70,10,10,39,1.68,0.91,657024
Lou Trivino,Yankees,2,8,11,64,0,53.7,67,27,24,64,4.53,1.64,642152
Enyel De Los Santos,Guardians,5,0,1,50,0,53.3,61,18,17,40,3.04,1.07,660853
Tanner Banks,Sox,2,0,0,35,0,53.0,49,18,18,42,3.06,1.13,621383
Steven Wilson,Padres,4,2,1,50,1,53.0,53,18,20,36,3.06,1.06,621051
Tucker Davidson,Angels,2,7,0,12,11,52.0,33,39,35,54,6.75,1.71,656353
David Bednar,Pirates,3,4,19,45,0,51.7,69,15,16,42,2.61,1.12,670280
John King,Rangers,1,4,0,39,0,51.3,30,23,14,61,4.03,1.46,667463
Steven Okert,Marlins,5,5,0,60,0,51.3,63,17,26,34,2.98,1.17,595345
José Alvarado,Phillies,4,2,2,59,0,51.0,81,18,24,38,3.18,1.22,621237
Seranthony Domínguez,Phillies,6,5,9,54,0,51.0,61,17,22,36,3.0,1.14,622554
Rony García,Tigers,3,3,0,16,8,51.0,48,25,13,40,4.41,1.04,665621
Michael King,Yankees,6,3,1,34,0,51.0,66,13,16,35,2.29,1.0,650633
Richard Bleier,Marlins,2,2,1,55,1,50.7,32,20,10,63,3.55,1.44,542947
Matt Brash,Mariners,4,4,0,39,5,50.7,62,25,33,46,4.44,1.56,666374
Dylan Lee,Braves,5,1,0,46,0,50.7,59,12,10,40,2.13,0.99,669276
Mike Mayers,Angels,1,1,0,24,3,50.7,45,32,18,52,5.68,1.38,594577
Hirokazu Sawamura,Sox,1,1,0,49,0,50.7,40,21,27,45,3.73,1.42,617228
Ian Kennedy,Diamondbacks,4,7,10,57,0,50.3,44,30,22,57,5.36,1.57,453178
Joely Rodríguez,Mets,2,4,0,55,0,50.3,57,25,26,42,4.47,1.35,570257
Andrew Wantz,Angels,2,1,0,42,1,50.3,52,18,21,37,3.22,1.15,681806
Josh Hader,Padres,2,5,36,56,0,50.0,81,29,21,43,5.22,1.28,623352
Brett Martin,Rangers,1,7,3,55,1,50.0,40,23,18,50,4.14,1.36,656685
Noé Ramirez,Diamondbacks,5,4,0,55,0,50.0,51,29,26,45,5.22,1.42,598287
Brusdar Graterol,Dodgers,2,4,4,46,1,49.7,43,18,10,39,3.26,0.99,660813
Dominic Leone,Giants,4,5,3,55,0,49.3,52,22,24,55,4.01,1.6,608678
Taylor Clarke,Royals,3,1,3,47,0,49.0,48,22,8,50,4.04,1.18,664199
Tim Mayza,Jays,8,1,2,63,0,48.7,44,17,12,42,3.14,1.11,641835
Ryan Pressly,Astros,3,3,33,50,0,48.3,65,16,13,30,2.98,0.89,519151
Jake Woodford,Cardinals,4,0,0,27,1,48.3,24,12,11,43,2.23,1.12,663765
Cory Abbott,Nationals,0,5,0,16,9,48.0,45,28,25,44,5.25,1.44,676265
Tim Hill,Padres,3,0,0,55,0,48.0,25,19,14,45,3.56,1.23,657612
Zach Jackson,Athletics,2,3,3,54,0,48.0,67,16,33,28,3.0,1.27,667427
Jonathan Loáisiga,Yankees,2,3,2,50,0,48.0,37,22,19,43,4.12,1.29,642528
Yunior Marte,Giants,1,1,0,39,0,48.0,44,29,22,47,5.44,1.44,628708
Steven Matz,Cardinals,5,3,0,15,10,48.0,54,28,10,50,5.25,1.25,571927
Jake Bird,Rockies,2,4,0,38,0,47.7,42,26,23,45,4.91,1.43,656234
José Leclerc,Rangers,0,3,7,39,0,47.7,54,15,21,33,2.83,1.13,600917
Lance McCullers Jr.,Astros,4,2,0,8,8,47.7,50,12,22,37,2.27,1.24,621121
Robert Suarez,Padres,5,1,1,45,0,47.7,61,12,21,29,2.27,1.05,663158
Jhoulys Chacín,Rockies,4,2,0,35,0,47.3,37,40,21,55,7.61,1.61,468504
Tylor Megill,Mets,4,2,0,15,9,47.3,51,27,13,46,5.13,1.25,656731
Alex Colomé,Rockies,2,7,4,53,0,47.0,32,30,22,57,5.74,1.68,517008
Buck Farmer,Reds,2,2,2,44,0,47.0,54,20,25,36,3.83,1.3,571656
Tommy Henry,Diamondbacks,3,4,0,9,9,47.0,36,28,21,47,5.36,1.45,674072
Jimmy Lambert,Sox,1,2,0,42,2,47.0,45,17,24,40,3.26,1.36,669424
Michael Pineda,Tigers,2,7,0,11,11,46.7,26,30,8,58,5.79,1.41,501381
Drew Smith,Mets,3,3,0,44,0,46.0,53,17,15,38,3.33,1.15,622098
Trent Thornton,Jays,0,2,0,32,0,46.0,37,21,17,40,4.11,1.24,663423
Trevor Gott,Brewers,3,4,0,45,0,45.7,44,21,12,35,4.14,1.03,641627
Amir Garrett,Royals,3,1,0,60,0,45.3,49,25,32,28,4.96,1.32,607237
Matt Foster,Sox,1,2,1,48,0,45.0,42,22,17,43,4.4,1.33,641582
Brad Hand,Phillies,3,2,5,55,0,45.0,38,14,23,37,2.8,1.33,543272
Trevor Megill,Twins,4,3,0,39,0,45.0,49,24,17,50,4.8,1.49,656730
Génesis Cabrera,Cardinals,4,2,1,39,0,44.7,32,23,20,39,4.63,1.32,650893
Jeff Hoffman,Reds,2,0,0,35,1,44.7,45,19,23,40,3.83,1.41,656546
Corey Knebel,Phillies,3,5,12,46,0,44.7,41,17,28,33,3.43,1.37,608349
Kirby Snead,Athletics,1,1,1,46,0,44.7,35,29,22,56,5.84,1.75,669912
Matt Strahm,Sox,4,4,4,50,0,44.7,52,19,17,38,3.83,1.23,621381
Ty Blach,Rockies,1,0,1,24,1,44.3,29,29,11,51,5.89,1.4,621389
Humberto Castellanos,Diamondbacks,3,2,0,11,9,44.3,32,28,12,50,5.68,1.4,528748
Jeurys Familia,Sox,2,3,0,48,0,44.3,41,30,22,58,6.09,1.8,544727
Zack Littell,Giants,3,3,1,39,0,44.3,39,25,13,48,5.08,1.38,641793
Connor Brogdon,Phillies,2,2,2,47,0,44.0,50,16,11,44,3.27,1.25,641401
Tyler Duffey,Twins,2,4,2,40,0,44.0,39,24,15,45,4.91,1.36,608648
Ron Marinaccio,Yankees,1,0,0,40,0,44.0,56,10,24,22,2.05,1.05,676760
Nick Sandlin,Guardians,5,2,0,46,0,44.0,41,11,24,27,2.25,1.16,680704
Matt Wisler,Rays,3,3,1,39,5,44.0,35,11,14,30,2.25,1.0,605538
Tyler Matzek,Braves,4,2,1,42,0,43.7,36,17,29,26,3.5,1.26,554431
Tommy Nance,Marlins,2,3,0,35,2,43.7,57,21,21,45,4.33,1.51,667297
Sam Moll,Athletics,2,1,0,53,0,43.3,46,14,22,33,2.91,1.27,594580
Jharel Cotton,Giants,4,2,0,30,0,43.0,39,17,20,34,3.56,1.26,605194
Lucas Gilbreath,Rockies,2,0,0,47,0,43.0,49,20,26,37,4.19,1.47,656458
Justin Lawrence,Rockies,3,1,1,38,0,42.7,48,27,22,44,5.7,1.55,664875
Garrett Richards,Rangers,1,1,1,32,2,42.7,36,25,13,44,5.27,1.34,572070
Ryan Thompson,Rays,3,3,3,47,0,42.7,39,18,11,39,3.8,1.17,657044
Sam Long,Giants,1,3,1,28,6,42.3,33,17,14,39,3.61,1.25,669674
Víctor Arano,Nationals,1,1,1,43,0,42.0,44,21,12,47,4.5,1.4,644364
Manny Banuelos,Pirates,2,1,1,35,0,41.0,42,20,21,32,4.39,1.29,544365
Jovani Morán,Twins,0,1,1,31,0,40.7,54,10,18,25,2.21,1.06,663558
José Quijada,Angels,0,5,3,42,0,40.7,52,18,21,25,3.98,1.13,650671
Craig Stammen,Padres,1,2,0,33,1,40.7,35,20,10,45,4.43,1.35,489334
Tyler Danish,Sox,3,1,0,32,0,40.3,32,23,12,40,5.13,1.29,641501
David Price,Dodgers,2,0,2,40,0,40.3,37,11,9,38,2.45,1.17,456034
Cole Ragans,Rangers,0,3,0,9,9,40.0,27,22,16,43,4.95,1.48,666142
Cristopher Sánchez,Phillies,2,2,1,15,3,40.0,35,25,17,38,5.62,1.38,650911
Matt Barnes,Sox,0,4,8,44,0,39.7,34,19,21,36,4.31,1.44,598264
Jordan Weems,Nationals,0,1,0,32,0,39.7,41,23,12,35,5.22,1.18,607179
Max Castillo,Royals,0,2,0,14,6,39.3,37,26,15,38,5.95,1.35,666721
Hunter Harvey,Nationals,2,1,0,38,0,39.3,45,11,12,33,2.52,1.14,640451
Daulton Jefferies,Athletics,1,7,0,8,8,39.3,28,25,8,46,5.72,1.37,641726
Jared Koenig,Athletics,1,3,0,10,5,39.3,22,25,15,40,5.72,1.4,657649
Dillon Peters,Pirates,5,2,0,22,4,39.3,26,20,17,35,4.58,1.32,596071
James Karinchak,Guardians,2,0,3,38,0,39.0,62,9,21,22,2.08,1.1,675916
Zach Pop,Jays,4,0,0,35,0,39.0,25,12,4,41,2.77,1.15,647315
Albert Abreu,Yankees,2,2,0,33,0,38.7,38,14,22,35,3.26,1.47,656061
Seth Martinez,Astros,1,1,0,29,0,38.7,38,9,14,26,2.09,1.03,661527
Dauri Moreta,Reds,0,2,1,35,1,38.3,39,23,13,32,5.4,1.17,664294
Wily Peralta,Tigers,2,0,0,28,1,38.3,32,11,24,34,2.58,1.51,503449
Javier Assad,Cubs,2,2,0,9,8,37.7,30,13,20,35,3.11,1.46,665871
Jose Cuas,Royals,4,2,1,47,0,37.7,34,15,24,39,3.58,1.67,621016
Spencer Howard,Rangers,2,4,0,10,8,37.7,32,31,15,50,7.41,1.73,675921
Kirk McCarty,Guardians,4,3,0,13,2,37.7,26,19,13,37,4.54,1.33,668948
Reyes Moronta,Diamondbacks,2,2,2,39,0,37.7,38,18,18,30,4.3,1.27,606625
Josh Staumont,Royals,3,3,3,42,0,37.7,43,27,29,37,6.45,1.75,622251
Yohan Ramírez,Pirates,4,1,1,30,0,37.3,32,19,20,32,4.58,1.39,670990
Joe Kelly,Sox,1,3,1,43,1,37.0,53,25,23,36,6.08,1.59,523260
Jake McGee,Nationals,1,3,3,42,0,37.0,25,28,12,41,6.81,1.43,459429
Wade Miley,Cubs,2,2,0,9,8,37.0,28,13,14,31,3.16,1.22,489119
Kyle Nelson,Diamondbacks,2,1,0,43,1,37.0,30,9,14,26,2.19,1.08,669459
Vladimir Gutierrez,Reds,1,6,0,10,8,36.7,29,31,24,46,7.61,1.91,661269
Aroldis Chapman,Yankees,4,4,9,43,0,36.3,43,18,28,24,4.46,1.43,547973
Ryan Pepiot,Dodgers,3,0,0,9,7,36.3,42,14,27,26,3.47,1.46,686752
Jack Flaherty,Cardinals,2,1,0,9,8,36.0,33,17,22,36,4.25,1.61,656427
Ian Gibaut,Reds,1,2,1,34,0,36.0,48,18,18,39,4.5,1.58,664139
Art Warren,Reds,2,3,3,39,0,36.0,40,26,22,37,6.5,1.64,605521
Daniel Castano,Marlins,1,3,0,10,7,35.7,20,16,9,42,4.04,1.43,641447
Luke Weaver,Royals,1,1,0,26,1,35.7,38,26,13,52,6.56,1.82,596133
Yency Almonte,Dodgers,0,0,1,33,0,35.3,33,4,10,18,1.02,0.79,622075
Joe Barlow,Rangers,3,1,13,35,0,35.0,28,15,13,27,3.86,1.14,669618
Josh Fleming,Rays,2,5,0,10,3,35.0,29,25,12,54,6.43,1.89,676596
Ralph Garza Jr.,Rays,2,2,0,19,0,35.0,17,13,16,38,3.34,1.54,621248
Peter Strzelecki,Brewers,2,1,1,30,0,35.0,40,11,15,28,2.83,1.23,657265
Caleb Ferguson,Dodgers,1,0,0,37,1,34.7,37,7,17,23,1.82,1.15,657571
Matthew Liberatore,Cardinals,2,2,0,9,7,34.7,28,23,18,42,5.97,1.73,669461
Zack Thompson,Cardinals,1,1,1,22,1,34.7,27,8,14,20,2.08,0.98,668868
Ken Waldichuk,Athletics,2,2,0,7,7,34.7,33,19,10,32,4.93,1.21,686610
Mike Baumann,Orioles,1,3,0,13,4,34.3,23,18,9,43,4.72,1.51,657508
Tyler Gilbert,Diamondbacks,0,3,0,8,7,34.3,20,20,10,33,5.24,1.25,656457
Dany Jiménez,Athletics,3,4,11,34,0,34.3,34,13,18,23,3.41,1.19,666204
Collin Snider,Royals,4,2,0,42,0,34.3,22,25,15,40,6.55,1.6,676092
Adrian Morejon,Padres,5,1,0,26,0,34.0,28,16,9,31,4.24,1.18,670970
Oliver Ortega,Angels,1,3,1,27,0,34.0,33,14,18,32,3.71,1.47,661383
Cole Sulser,Marlins,1,4,2,39,0,34.0,38,20,16,39,5.29,1.62,642121
Matt Swarmer,Cubs,2,3,0,11,5,34.0,36,19,20,33,5.03,1.56,664161
Connor Overton,Reds,1,0,0,6,4,33.0,14,10,11,21,2.73,0.97,656818
Hayden Wesneski,Cubs,3,2,0,6,4,33.0,33,8,7,24,2.18,0.94,669713
T.J. McFarland,Cardinals,0,0,0,28,0,32.7,16,24,11,42,6.61,1.62,519008
Joey Wentz,Tigers,2,2,0,7,7,32.7,27,11,13,23,3.03,1.1,666214
Dinelson Lamet,Rockies,1,2,0,32,0,32.3,45,22,19,30,6.12,1.52,659275
Huascar Brazobán,Marlins,1,1,0,27,0,32.0,40,11,21,26,3.09,1.47,623211
Packy Naughton,Cardinals,0,2,1,26,3,32.0,31,17,7,39,4.78,1.44,676050
Justin Dunn,Reds,1,3,0,7,7,31.0,21,21,17,32,6.1,1.58,643290
Cole Sands,Twins,0,3,1,11,3,30.7,28,20,13,35,5.87,1.57,663485
Jonathan Hernández,Rangers,2,3,4,29,0,30.3,27,10,17,26,2.97,1.42,642546
Dustin May,Dodgers,2,3,0,6,6,30.0,29,15,14,21,4.5,1.17,669160
Tanner Rainey,Nationals,1,3,12,29,0,30.0,36,11,13,26,3.3,1.3,663432
Elvin Rodríguez,Tigers,0,4,0,7,5,29.7,25,35,15,42,10.62,1.92,660730
Kevin Ginkel,Diamondbacks,1,1,1,30,0,29.3,30,11,11,27,3.38,1.3,656464
Michael Grove,Dodgers,1,0,0,7,6,29.3,24,15,10,32,4.6,1.43,675627
Wyatt Mills,Royals,0,1,0,27,0,29.3,26,15,13,26,4.6,1.33,670090
Miguel Castro,Yankees,5,0,0,34,0,29.0,31,13,15,27,4.03,1.45,612434
Anthony Misiewicz,Royals,1,2,0,32,0,29.0,27,14,10,27,4.34,1.28,664948
J.B. Wendelken,Diamondbacks,2,1,0,29,0,29.0,21,17,14,25,5.28,1.34,605525
Nick Wittgren,Cardinals,1,0,1,29,0,29.0,17,19,10,35,5.9,1.55,621295
Louis Head,Orioles,0,0,1,28,0,28.7,26,20,15,32,6.28,1.64,545343
Sean Poppen,Diamondbacks,2,2,0,29,0,28.7,22,14,12,27,4.4,1.36,664092
Chase Silseth,Angels,1,3,0,7,7,28.7,24,21,12,33,6.59,1.57,681217
Colin Holderman,Pirates,5,0,0,24,0,28.3,24,12,14,20,3.81,1.2,670059
Kaleb Ort,Sox,1,2,1,25,0,28.3,27,20,15,35,6.35,1.76,672391
Jandel Gustave,Brewers,2,0,0,27,0,28.0,27,12,11,25,3.86,1.29,594311
Cody Poteet,Marlins,0,1,0,12,2,28.0,21,12,11,23,3.86,1.21,547001
Sean Newcomb,Cubs,2,1,0,20,1,27.7,28,27,19,33,8.78,1.88,656794
Joe Smith,Twins,1,1,0,34,0,27.3,17,14,9,33,4.61,1.54,501925
Shane Baz,Rays,1,2,0,6,6,27.0,30,15,9,27,5.0,1.33,669358
Hyun Jin Ryu,Jays,2,0,0,6,6,27.0,16,17,4,32,5.67,1.33,547943
Erich Uelmen,Cubs,2,1,1,25,0,27.0,21,14,12,25,4.67,1.37,657272
Anthony Banda,Yankees,1,1,0,32,1,26.7,30,20,13,43,6.75,2.1,607455
Aaron Bummer,Sox,2,1,2,32,0,26.7,30,7,10,30,2.36,1.5,607481
Julian Merryweather,Jays,0,3,0,26,1,26.7,23,20,7,31,6.75,1.43,657240
Alex Young,Giants,1,1,0,25,1,26.7,21,7,11,29,2.36,1.5,622065
Ross Detwiler,Reds,0,2,1,30,0,26.3,28,13,10,31,4.44,1.56,446321
Josh Rogers,Nationals,2,2,0,16,3,26.3,12,15,11,24,5.13,1.33,642028
Chasen Shreve,Mets,1,1,0,25,0,26.3,29,19,10,27,6.49,1.41,592741
Nick Vespi,Orioles,5,0,1,25,0,26.3,28,12,8,29,4.1,1.41,663989
Louis Varland,Twins,1,2,0,5,5,26.0,21,11,6,26,3.81,1.23,686973
Yerry De los Santos,Pirates,0,3,3,26,0,25.7,26,14,11,22,4.91,1.29,660787
Ryan Borucki,Mariners,2,0,0,32,0,25.3,21,16,11,24,5.68,1.38,621366
Touki Toussaint,Angels,1,1,0,8,2,25.3,26,13,19,15,4.62,1.34,657053
José Cisnero,Tigers,1,0,0,28,0,25.0,23,3,19,15,1.08,1.36,542585
Sean Hjelle,Giants,1,2,0,8,0,25.0,28,16,8,33,5.76,1.64,663546
Trevor May,Mets,2,0,1,26,0,25.0,30,14,9,27,5.04,1.44,543507
Hansel Robles,Sox,1,3,2,26,0,24.7,21,16,14,25,5.84,1.58,570663
Mason Thompson,Nationals,1,1,1,24,0,24.7,15,8,9,19,2.92,1.14,666168
J.P. Feyereisen,Rays,4,0,1,22,2,24.3,25,0,5,7,0.0,0.49,656420
Daniel Hudson,Dodgers,2,3,5,25,0,24.3,30,6,5,17,2.22,0.9,543339
Drey Jameson,Diamondbacks,3,0,0,4,4,24.3,24,4,7,20,1.48,1.11,686753
Miguel Yajure,Pirates,1,1,1,12,1,24.3,16,24,16,31,8.88,1.93,664337
Chase Anderson,Reds,2,4,0,9,7,24.0,23,17,15,17,6.38,1.33,502624
Jeff Brigham,Marlins,0,1,1,16,0,24.0,28,9,10,22,3.38,1.33,656257
Pete Fairbanks,Rays,0,0,8,24,0,24.0,38,3,3,13,1.12,0.67,664126
Tyler Kinley,Rockies,1,1,0,25,0,24.0,27,2,6,21,0.75,1.12,641755
Justin Bruihl,Dodgers,1,1,1,24,0,23.7,13,10,6,22,3.8,1.18,677865
Trevor Kelley,Brewers,1,0,0,18,0,23.7,23,16,9,25,6.08,1.44,665001
Adonis Medina,Mets,1,0,1,14,0,23.7,17,16,6,30,6.08,1.52,658431
Cody Morris,Guardians,1,2,0,7,5,23.7,23,6,12,21,2.28,1.39,663752
Luis Perdomo,Brewers,3,0,0,14,0,23.7,12,10,3,24,3.8,1.14,606131
Garrett Cleavinger,Rays,1,1,0,17,0,23.0,32,10,7,14,3.91,0.91,664076
Chi Chi González,Yankees,0,1,0,7,5,23.0,15,15,7,28,5.87,1.52,592346
Jacob Barnes,Yankees,3,1,0,23,0,22.3,12,14,9,23,5.64,1.43,606930
JT Chargois,Rays,2,0,0,21,3,22.3,17,6,5,16,2.42,0.94,608638
Tommy Hunter,Mets,0,1,0,18,0,22.3,22,6,6,21,2.42,1.21,488984
Corbin Martin,Diamondbacks,0,1,0,7,2,22.3,21,12,12,25,4.84,1.66,656686
Chris Paddack,Twins,1,2,0,5,5,22.3,20,10,2,25,4.03,1.21,663978
Josh Sborz,Rangers,1,0,0,19,1,22.3,32,16,11,25,6.45,1.61,622250
Eric Stout,Pirates,0,0,1,20,0,22.3,25,14,16,25,5.64,1.84,657770
Beau Sulser,Orioles,0,0,0,10,0,22.3,19,9,9,24,3.63,1.48,676641
Heath Hembree,Dodgers,3,1,0,26,0,22.0,17,18,17,26,7.36,1.95,592390
Stephen Nogosek,Mets,1,1,0,12,0,22.0,21,6,7,20,2.45,1.23,668665
Darren O'Day,Braves,2,2,0,28,0,21.7,26,10,10,19,4.15,1.34,503285
Drew VerHagen,Cardinals,3,1,0,19,0,21.7,18,16,14,27,6.65,1.89,572403
Calvin Faucher,Rays,2,3,1,22,0,21.3,21,13,10,26,5.48,1.69,676534
Kolby Allard,Rangers,1,2,1,10,0,21.0,19,17,6,21,7.29,1.29,663465
Anthony Gose,Guardians,3,0,0,22,0,21.0,28,11,14,15,4.71,1.38,543238
Jackson Tetreault,Nationals,2,2,0,4,4,21.0,9,12,10,23,5.14,1.57,676194
Jesus Tinoco,Rangers,0,0,0,17,2,20.7,18,5,10,12,2.18,1.06,622786
Hunter Brown,Astros,2,0,0,7,2,20.3,22,2,7,15,0.89,1.08,686613
Bryan Garcia,Tigers,2,0,0,4,4,20.3,17,8,10,14,3.54,1.18,650530
Ashton Goudeau,Rockies,1,0,1,12,0,20.3,16,16,10,25,7.08,1.72,623485
Bennett Sousa,Sox,3,0,1,25,0,20.3,12,19,10,25,8.41,1.72,656986
Kohei Arihara,Rangers,1,3,0,5,4,20.0,14,21,11,36,9.45,2.35,685503
Andrew Kittredge,Rays,3,1,5,17,0,20.0,14,7,2,15,3.15,0.85,552640
Luis Patiño,Rays,1,2,0,6,6,20.0,11,18,13,26,8.1,1.95,672715
Derek Law,Reds,2,3,0,17,0,19.7,17,9,8,23,4.12,1.58,571882
Tony Santillan,Reds,0,1,4,21,0,19.7,21,12,12,23,5.49,1.78,663574
Anthony Bender,Marlins,1,3,6,22,0,19.3,17,7,8,17,3.26,1.29,669622
Gabe Speier,Royals,0,1,0,17,1,19.3,14,5,5,16,2.33,1.09,642100
Anthony DeSclafani,Giants,0,2,0,5,5,19.0,17,14,4,34,6.63,2.0,543101
Norge Ruiz,Athletics,0,1,0,14,0,19.0,18,15,7,30,7.11,1.95,650204
Tyler Thornburg,Twins,0,1,0,14,0,19.0,14,7,11,16,3.32,1.42,592804
Archie Bradley,Angels,0,1,2,21,0,18.7,15,10,7,17,4.82,1.29,605151
Junior Fernández,Pirates,0,0,0,16,0,18.7,14,5,12,18,2.41,1.61,658551
Ronald Bolaños,Royals,0,0,0,8,0,18.3,12,9,12,20,4.42,1.75,671790
Anderson Espinoza,Cubs,0,2,0,7,0,18.3,19,11,16,14,5.4,1.64,659262
Ryne Nelson,Diamondbacks,1,1,0,3,3,18.3,16,3,6,9,1.47,0.82,669194
Connor Seabold,Sox,0,4,0,5,5,18.3,19,23,8,35,11.29,2.35,657756
Sam Selman,Athletics,0,0,0,16,0,18.3,18,10,5,16,4.91,1.15,572125
Yennier Cano,Orioles,1,1,0,13,0,18.0,21,23,16,26,11.5,2.33,666974
Javy Guerra,Rays,2,1,0,18,0,18.0,10,10,11,16,5.0,1.5,642770
Casey Lawrence,Jays,0,1,0,6,0,18.0,11,15,4,23,7.5,1.5,596271
Sergio Romo,Jays,0,1,0,23,0,18.0,14,15,6,19,7.5,1.39,489265
Chad Smith,Rockies,0,1,0,15,0,18.0,23,15,15,16,7.5,1.72,663385
Adam Kolarek,Athletics,0,1,0,15,0,17.7,9,9,8,20,4.58,1.58,592473
Alec Mills,Cubs,0,1,0,7,2,17.7,11,19,3,28,9.68,1.75,621219
Scott Alexander,Giants,0,0,2,17,4,17.3,10,2,1,12,1.04,0.75,518397
Logan Gillaspie,Orioles,1,0,0,17,0,17.3,10,6,3,20,3.12,1.33,670810
James Norwood,Phillies,1,0,0,20,0,17.3,22,16,9,24,8.31,1.9,656803
Elvis Peguero,Angels,0,0,0,13,0,17.3,12,13,5,23,6.75,1.62,665625
Taylor Widener,Diamondbacks,0,1,0,14,0,17.3,14,7,5,22,3.63,1.56,642203
Luis Frías,Diamondbacks,1,1,0,15,0,17.0,14,20,17,23,10.59,2.35,666818
Keynan Middleton,Diamondbacks,1,2,0,18,0,17.0,15,10,3,16,5.29,1.12,641871
Domingo Tapia,Athletics,0,0,0,11,0,17.0,12,16,14,25,8.47,2.29,593619
Edwin Uceta,Diamondbacks,0,0,0,10,0,17.0,13,11,7,14,5.82,1.24,670955
Tommy Milone,Mariners,1,1,0,7,0,16.7,5,10,6,14,5.4,1.2,543548
Jake Reed,Orioles,2,0,1,18,0,16.7,13,13,8,17,7.02,1.5,596082
Eduard Bazardo,Sox,1,0,0,12,0,16.3,11,5,4,12,2.76,0.98,660825
Jake Lemoine,Athletics,0,0,0,9,0,16.3,13,14,7,18,7.71,1.53,621082
Mauricio Llovera,Giants,0,0,0,17,1,16.3,20,8,8,14,4.41,1.35,661440
JoJo Romero,Cardinals,0,0,0,17,0,16.3,17,9,10,13,4.96,1.41,668941
Cody Stashak,Twins,3,0,0,11,0,16.3,15,7,0,16,3.86,0.98,664054
Phillips Valdez,Sox,0,1,0,13,0,16.3,13,8,7,12,4.41,1.16,570488
Robert Dugger,Reds,0,1,0,4,1,16.0,19,11,7,19,6.19,1.62,667498
Luis Ortiz,Pirates,0,2,0,4,4,16.0,17,8,10,8,4.5,1.12,682847
Blake Taylor,Astros,1,1,0,19,0,16.0,9,7,10,15,3.94,1.56,642130
Austin Warren,Angels,2,0,0,14,0,16.0,9,10,5,19,5.62,1.5,681810
Kyle Crick,Sox,2,0,0,14,0,15.7,19,7,11,10,4.02,1.34,605195
Jackson Kowar,Royals,0,0,0,7,0,15.7,17,17,11,27,9.77,2.43,663804
Jose Alvarez,Giants,2,1,1,21,0,15.3,15,9,9,17,5.28,1.7,501625
Jhonathan Díaz,Angels,1,1,0,4,3,15.3,11,5,10,13,2.93,1.5,646242
Justin Grimm,Athletics,0,0,0,15,0,15.3,11,7,7,18,4.11,1.63,518748
Robert Gsellman,Cubs,0,2,1,8,0,15.3,9,8,3,17,4.7,1.3,607229
Luke Bard,Yankees,1,1,0,9,0,15.0,8,3,7,7,1.8,0.93,572703
Jeremy Beasley,Jays,0,0,0,9,0,15.0,19,8,5,14,4.8,1.27,676886
Luke Farrell,Reds,0,0,0,6,2,15.0,14,9,7,18,5.4,1.67,608652
Chad Green,Yankees,1,1,1,14,0,15.0,16,5,5,13,3.0,1.2,643338
Thomas Szapucki,Giants,0,1,0,11,1,15.0,18,12,7,19,7.2,1.73,663378
Fernando Cruz,Reds,0,1,0,14,2,14.7,21,2,9,9,1.23,1.23,518585
Chris Devenski,Phillies,2,1,0,13,0,14.7,12,14,1,21,8.59,1.5,606965
Andrew Nardi,Marlins,1,1,0,13,0,14.7,24,16,14,25,9.82,2.66,677053
Phoenix Sanders,Rays,0,0,0,8,0,14.7,12,5,3,12,3.07,1.02,676637
Pierce Johnson,Padres,1,2,0,15,0,14.3,21,8,8,14,5.02,1.53,572955
Drew Steckenrider,Mariners,0,2,2,16,0,14.3,10,9,5,21,5.65,1.81,608716
Jimmy Yacabonis,Rays,1,1,0,14,1,14.0,21,13,10,20,8.36,2.14,642231
DL Hall,Orioles,1,1,1,11,1,13.7,19,9,6,17,5.93,1.68,669084
Zack Kelly,Sox,1,0,0,13,0,13.7,11,6,4,14,3.95,1.32,677161
Reiss Knehr,Padres,0,0,0,5,1,13.7,10,6,4,11,3.95,1.1,663753
Manuel Rodríguez,Cubs,2,0,4,14,0,13.7,8,5,9,10,3.29,1.39,655889
Adbert Alzolay,Cubs,2,1,0,6,0,13.3,19,5,2,9,3.38,0.82,640470
Matthew Boyd,Mariners,2,0,0,10,0,13.3,13,2,8,5,1.35,0.97,571510
Anthony Castro,Guardians,0,0,0,12,0,13.3,12,11,10,19,7.42,2.17,621593
Jake Cousins,Brewers,2,1,0,12,0,13.3,21,4,8,10,2.7,1.35,664776
Tyler Cyr,Athletics,1,0,0,12,0,13.3,16,4,5,11,2.7,1.2,664202
Miguel Sánchez,Brewers,1,1,0,12,0,13.3,9,6,8,12,4.05,1.5,667376
Zack Weiss,Angels,0,1,0,12,0,13.3,18,5,7,7,3.38,1.05,592848
Paul Fry,Diamondbacks,0,0,0,13,0,13.0,14,9,9,11,6.23,1.54,643316
Matt Gage,Jays,0,1,0,11,0,13.0,12,2,6,6,1.38,0.92,657424
Sam Coonrod,Phillies,0,0,0,12,0,12.7,12,11,7,12,7.82,1.5,656322
Angel De Jesus,Tigers,0,0,0,8,0,12.7,7,3,4,9,2.13,1.03,669804
Bryan Hoeing,Marlins,1,1,0,8,1,12.7,6,17,5,19,12.08,1.89,663773
Tommy Kahnle,Dodgers,0,0,1,13,0,12.7,14,4,3,5,2.84,0.63,592454
Kodi Whitley,Cardinals,2,0,0,14,0,12.7,12,8,9,11,5.68,1.58,676831
Brandon Bielak,Astros,0,0,0,5,0,12.3,12,5,4,11,3.65,1.22,656232
Kervin Castro,Cubs,0,1,0,10,0,12.3,11,14,7,15,10.22,1.78,665645
Danny Coulombe,Twins,0,0,0,10,0,12.3,9,2,9,7,1.46,1.3,543056
Kyle Muller,Braves,1,1,0,3,3,12.3,12,11,8,13,8.03,1.7,666205
Tayler Scott,Padres,0,1,0,8,0,12.0,13,9,6,19,6.75,2.08,605463
Aaron Fletcher,Pirates,0,1,0,9,0,11.7,6,9,4,10,6.94,1.2,667465
Ronny Henriquez,Twins,0,1,0,3,0,11.7,9,3,3,8,2.31,0.94,678692
Justus Sheffield,Mariners,1,0,0,6,1,11.7,7,5,6,9,3.86,1.29,656954
Caleb Kilian,Cubs,0,2,0,3,3,11.3,9,13,12,11,10.32,2.03,668873
Greg Weissert,Yankees,3,0,0,12,0,11.3,11,7,5,6,5.56,0.97,669711
Hanser Alberto,Dodgers,0,0,0,10,0,11.0,1,5,3,10,4.09,1.18,593643
Jake Fishman,Marlins,0,0,0,7,0,11.0,6,5,0,13,4.09,1.18,670288
Dusten Knight,Rays,0,1,0,6,0,11.0,9,7,4,11,5.73,1.36,643400
Yoan López,Mets,1,0,0,8,0,11.0,10,7,5,14,5.73,1.73,661255
José Marte,Angels,0,0,0,11,0,11.0,15,9,18,8,7.36,2.36,665896
Angel Zerpa,Royals,2,1,0,3,2,11.0,3,2,3,9,1.64,1.09,672582
Tyson Miller,Rangers,1,2,0,4,2,10.7,8,13,8,16,10.97,2.25,668338
Kenny Rosenberg,Angels,0,0,0,3,1,10.7,8,5,6,9,4.22,1.41,670046
Ryan Weber,Yankees,0,0,1,5,0,10.7,3,1,1,6,0.84,0.66,543901
T.J. Zeuch,Reds,0,3,0,3,3,10.7,5,18,7,24,15.19,2.91,643615
Mark Appel,Phillies,0,0,0,6,0,10.3,5,2,3,9,1.74,1.16,571446
Travis Lakins,Orioles,0,1,0,6,0,10.3,8,11,6,14,9.58,1.94,664042
Casey Mize,Tigers,0,1,0,2,2,10.0,4,6,2,13,5.4,1.5,663554
Matt Peacock,Royals,0,0,0,9,0,10.0,6,6,4,12,5.4,1.6,676840
Sean Reid-Foley,Mets,0,0,0,7,0,10.0,8,6,7,7,5.4,1.4,656887
