checkpoint,model,target,stat,mae,n_players
2025-05-01,preseason,ros,k_per_ip,0.113529,87
2025-05-01,preseason,ros,era,0.973012,87
2025-05-01,preseason,ros,whip,0.148243,87
2025-05-01,preseason,ros,w_per_gs,0.162597,87
2025-05-01,preseason,ros,sv_per_g,0.037776,87
2025-05-01,preseason,next_week,hr_per_pa,0.027209,113
2025-05-01,preseason,next_week,r_per_pa,0.047926,113
2025-05-01,preseason,next_week,rbi_per_pa,0.063482,113
2025-05-01,preseason,next_week,sb_per_pa,0.020826,113
2025-05-01,preseason,next_week,avg,0.071353,113
2025-05-01,preseason,ros,hr_per_pa,0.009389,131
2025-05-01,preseason,ros,r_per_pa,0.015795,131
2025-05-01,preseason,ros,rbi_per_pa,0.020638,131
2025-05-01,preseason,ros,sb_per_pa,0.009464,131
2025-05-01,preseason,ros,avg,0.019224,131
2025-05-01,preseason,next_week,k_per_ip,0.377153,64
2025-05-01,preseason,next_week,era,2.442191,64
2025-05-01,preseason,next_week,whip,0.431125,64
2025-05-01,preseason,next_week,w_per_gs,0.359801,64
2025-05-01,preseason,next_week,sv_per_g,0.038304,64
2025-05-01,season_to_date,ros,k_per_ip,0.192466,87
2025-05-01,season_to_date,ros,era,1.56378,87
2025-05-01,season_to_date,ros,whip,0.283132,87
2025-05-01,season_to_date,ros,w_per_gs,0.143667,87
2025-05-01,season_to_date,ros,sv_per_g,0.049699,87
2025-05-01,season_to_date,next_week,hr_per_pa,0.029613,113
2025-05-01,season_to_date,next_week,r_per_pa,0.050126,113
2025-05-01,season_to_date,next_week,rbi_per_pa,0.066534,113
2025-05-01,season_to_date,next_week,sb_per_pa,0.021323,113
2025-05-01,season_to_date,next_week,avg,0.082858,113
2025-05-01,season_to_date,ros,hr_per_pa,0.016092,131
2025-05-01,season_to_date,ros,r_per_pa,0.027714,131
2025-05-01,season_to_date,ros,rbi_per_pa,0.038402,131
2025-05-01,season_to_date,ros,sb_per_pa,0.013889,131
2025-05-01,season_to_date,ros,avg,0.047556,131
2025-05-01,season_to_date,next_week,k_per_ip,0.37937,64
2025-05-01,season_to_date,next_week,era,2.534039,64
2025-05-01,season_to_date,next_week,whip,0.4857,64
2025-05-01,season_to_date,next_week,w_per_gs,0.376042,64
2025-05-01,season_to_date,next_week,sv_per_g,0.035948,64
2025-05-01,fixed_blend,ros,k_per_ip,0.10388,87
2025-05-01,fixed_blend,ros,era,0.969259,87
2025-05-01,fixed_blend,ros,whip,0.161139,87
2025-05-01,fixed_blend,ros,w_per_gs,0.146037,87
2025-05-01,fixed_blend,ros,sv_per_g,0.03772,87
2025-05-01,fixed_blend,next_week,hr_per_pa,0.027545,113
2025-05-01,fixed_blend,next_week,r_per_pa,0.047937,113
2025-05-01,fixed_blend,next_week,rbi_per_pa,0.062954,113
2025-05-01,fixed_blend,next_week,sb_per_pa,0.020918,113
2025-05-01,fixed_blend,next_week,avg,0.073808,113
2025-05-01,fixed_blend,ros,hr_per_pa,0.009994,131
2025-05-01,fixed_blend,ros,r_per_pa,0.015291,131
2025-05-01,fixed_blend,ros,rbi_per_pa,0.021049,131
2025-05-01,fixed_blend,ros,sb_per_pa,0.009562,131
2025-05-01,fixed_blend,ros,avg,0.023194,131
2025-05-01,fixed_blend,next_week,k_per_ip,0.372369,64
2025-05-01,fixed_blend,next_week,era,2.404191,64
2025-05-01,fixed_blend,next_week,whip,0.436256,64
2025-05-01,fixed_blend,next_week,w_per_gs,0.362698,64
2025-05-01,fixed_blend,next_week,sv_per_g,0.035247,64
2025-05-01,reliability_blend,ros,k_per_ip,0.100821,87
2025-05-01,reliability_blend,ros,era,0.925591,87
2025-05-01,reliability_blend,ros,whip,0.148858,87
2025-05-01,reliability_blend,ros,w_per_gs,0.161372,87
2025-05-01,reliability_blend,ros,sv_per_g,0.037369,87
2025-05-01,reliability_blend,next_week,hr_per_pa,0.027475,113
2025-05-01,reliability_blend,next_week,r_per_pa,0.047173,113
2025-05-01,reliability_blend,next_week,rbi_per_pa,0.063422,113
2025-05-01,reliability_blend,next_week,sb_per_pa,0.020609,113
2025-05-01,reliability_blend,next_week,avg,0.072896,113
2025-05-01,reliability_blend,ros,hr_per_pa,0.009519,131
2025-05-01,reliability_blend,ros,r_per_pa,0.014993,131
2025-05-01,reliability_blend,ros,rbi_per_pa,0.020439,131
2025-05-01,reliability_blend,ros,sb_per_pa,0.009087,131
2025-05-01,reliability_blend,ros,avg,0.02068,131
2025-05-01,reliability_blend,next_week,k_per_ip,0.369267,64
2025-05-01,reliability_blend,next_week,era,2.421388,64
2025-05-01,reliability_blend,next_week,whip,0.434732,64
2025-05-01,reliability_blend,next_week,w_per_gs,0.359959,64
2025-05-01,reliability_blend,next_week,sv_per_g,0.037605,64
2025-05-01,exponential_decay,ros,k_per_ip,0.1081,87
2025-05-01,exponential_decay,ros,era,0.964361,87
2025-05-01,exponential_decay,ros,whip,0.162781,87
2025-05-01,exponential_decay,ros,w_per_gs,0.161937,87
2025-05-01,exponential_decay,ros,sv_per_g,0.036947,87
2025-05-01,exponential_decay,next_week,hr_per_pa,0.027665,113
2025-05-01,exponential_decay,next_week,r_per_pa,0.047526,113
2025-05-01,exponential_decay,next_week,rbi_per_pa,0.063235,113
2025-05-01,exponential_decay,next_week,sb_per_pa,0.021201,113
2025-05-01,exponential_decay,next_week,avg,0.073952,113
2025-05-01,exponential_decay,ros,hr_per_pa,0.009768,131
2025-05-01,exponential_decay,ros,r_per_pa,0.016314,131
2025-05-01,exponential_decay,ros,rbi_per_pa,0.020866,131
2025-05-01,exponential_decay,ros,sb_per_pa,0.00975,131
2025-05-01,exponential_decay,ros,avg,0.021024,131
2025-05-01,exponential_decay,next_week,k_per_ip,0.374328,64
2025-05-01,exponential_decay,next_week,era,2.392573,64
2025-05-01,exponential_decay,next_week,whip,0.442923,64
2025-05-01,exponential_decay,next_week,w_per_gs,0.361516,64
2025-05-01,exponential_decay,next_week,sv_per_g,0.037589,64
2025-06-01,preseason,ros,k_per_ip,0.117664,81
2025-06-01,preseason,ros,era,0.972423,81
2025-06-01,preseason,ros,whip,0.160851,81
2025-06-01,preseason,ros,w_per_gs,0.1798,81
2025-06-01,preseason,ros,sv_per_g,0.04387,81
2025-06-01,preseason,next_week,hr_per_pa,0.032253,115
2025-06-01,preseason,next_week,r_per_pa,0.056357,115
2025-06-01,preseason,next_week,rbi_per_pa,0.063109,115
2025-06-01,preseason,next_week,sb_per_pa,0.025685,115
2025-06-01,preseason,next_week,avg,0.07885,115
2025-06-01,preseason,ros,hr_per_pa,0.009717,130
2025-06-01,preseason,ros,r_per_pa,0.015267,130
2025-06-01,preseason,ros,rbi_per_pa,0.021727,130
2025-06-01,preseason,ros,sb_per_pa,0.010055,130
2025-06-01,preseason,ros,avg,0.021479,130
2025-06-01,preseason,next_week,k_per_ip,0.305459,66
2025-06-01,preseason,next_week,era,2.285589,66
2025-06-01,preseason,next_week,whip,0.41356,66
2025-06-01,preseason,next_week,w_per_gs,0.466624,66
2025-06-01,preseason,next_week,sv_per_g,0.045772,66
2025-06-01,season_to_date,ros,k_per_ip,0.158957,81
2025-06-01,season_to_date,ros,era,1.291022,81
2025-06-01,season_to_date,ros,whip,0.245227,81
2025-06-01,season_to_date,ros,w_per_gs,0.119087,81
2025-06-01,season_to_date,ros,sv_per_g,0.050779,81
2025-06-01,season_to_date,next_week,hr_per_pa,0.031668,115
2025-06-01,season_to_date,next_week,r_per_pa,0.057844,115
2025-06-01,season_to_date,next_week,rbi_per_pa,0.066677,115
2025-06-01,season_to_date,next_week,sb_per_pa,0.025221,115
2025-06-01,season_to_date,next_week,avg,0.084848,115
2025-06-01,season_to_date,ros,hr_per_pa,0.013868,130
2025-06-01,season_to_date,ros,r_per_pa,0.02524,130
2025-06-01,season_to_date,ros,rbi_per_pa,0.031687,130
2025-06-01,season_to_date,ros,sb_per_pa,0.011224,130
2025-06-01,season_to_date,ros,avg,0.039491,130
2025-06-01,season_to_date,next_week,k_per_ip,0.297927,66
2025-06-01,season_to_date,next_week,era,2.472629,66
2025-06-01,season_to_date,next_week,whip,0.422402,66
2025-06-01,season_to_date,next_week,w_per_gs,0.306639,66
2025-06-01,season_to_date,next_week,sv_per_g,0.044241,66
2025-06-01,fixed_blend,ros,k_per_ip,0.106552,81
2025-06-01,fixed_blend,ros,era,0.998078,81
2025-06-01,fixed_blend,ros,whip,0.168191,81
2025-06-01,fixed_blend,ros,w_per_gs,0.159156,81
2025-06-01,fixed_blend,ros,sv_per_g,0.039129,81
2025-06-01,fixed_blend,next_week,hr_per_pa,0.031532,115
2025-06-01,fixed_blend,next_week,r_per_pa,0.056672,115
2025-06-01,fixed_blend,next_week,rbi_per_pa,0.063081,115
2025-06-01,fixed_blend,next_week,sb_per_pa,0.025898,115
2025-06-01,fixed_blend,next_week,avg,0.077445,115
2025-06-01,fixed_blend,ros,hr_per_pa,0.009744,130
2025-06-01,fixed_blend,ros,r_per_pa,0.016738,130
2025-06-01,fixed_blend,ros,rbi_per_pa,0.022355,130
2025-06-01,fixed_blend,ros,sb_per_pa,0.009744,130
2025-06-01,fixed_blend,ros,avg,0.026221,130
2025-06-01,fixed_blend,next_week,k_per_ip,0.293258,66
2025-06-01,fixed_blend,next_week,era,2.356064,66
2025-06-01,fixed_blend,next_week,whip,0.411837,66
2025-06-01,fixed_blend,next_week,w_per_gs,0.41088,66
2025-06-01,fixed_blend,next_week,sv_per_g,0.045855,66
2025-06-01,reliability_blend,ros,k_per_ip,0.102801,81
2025-06-01,reliability_blend,ros,era,0.908884,81
2025-06-01,reliability_blend,ros,whip,0.157944,81
2025-06-01,reliability_blend,ros,w_per_gs,0.173939,81
2025-06-01,reliability_blend,ros,sv_per_g,0.042625,81
2025-06-01,reliability_blend,next_week,hr_per_pa,0.031626,115
2025-06-01,reliability_blend,next_week,r_per_pa,0.056144,115
2025-06-01,reliability_blend,next_week,rbi_per_pa,0.062943,115
2025-06-01,reliability_blend,next_week,sb_per_pa,0.025514,115
2025-06-01,reliability_blend,next_week,avg,0.078792,115
2025-06-01,reliability_blend,ros,hr_per_pa,0.010003,130
2025-06-01,reliability_blend,ros,r_per_pa,0.01567,130
2025-06-01,reliability_blend,ros,rbi_per_pa,0.022478,130
2025-06-01,reliability_blend,ros,sb_per_pa,0.009498,130
2025-06-01,reliability_blend,ros,avg,0.023764,130
2025-06-01,reliability_blend,next_week,k_per_ip,0.294026,66
2025-06-01,reliability_blend,next_week,era,2.27926,66
2025-06-01,reliability_blend,next_week,whip,0.414758,66
2025-06-01,reliability_blend,next_week,w_per_gs,0.448436,66
2025-06-01,reliability_blend,next_week,sv_per_g,0.045323,66
2025-06-01,exponential_decay,ros,k_per_ip,0.120883,81
2025-06-01,exponential_decay,ros,era,1.026245,81
2025-06-01,exponential_decay,ros,whip,0.189313,81
2025-06-01,exponential_decay,ros,w_per_gs,0.179271,81
2025-06-01,exponential_decay,ros,sv_per_g,0.042671,81
2025-06-01,exponential_decay,next_week,hr_per_pa,0.031676,115
2025-06-01,exponential_decay,next_week,r_per_pa,0.057462,115
2025-06-01,exponential_decay,next_week,rbi_per_pa,0.064342,115
2025-06-01,exponential_decay,next_week,sb_per_pa,0.026095,115
2025-06-01,exponential_decay,next_week,avg,0.07917,115
2025-06-01,exponential_decay,ros,hr_per_pa,0.012443,130
2025-06-01,exponential_decay,ros,r_per_pa,0.019285,130
2025-06-01,exponential_decay,ros,rbi_per_pa,0.026053,130
2025-06-01,exponential_decay,ros,sb_per_pa,0.009764,130
2025-06-01,exponential_decay,ros,avg,0.028607,130
2025-06-01,exponential_decay,next_week,k_per_ip,0.299596,66
2025-06-01,exponential_decay,next_week,era,2.236193,66
2025-06-01,exponential_decay,next_week,whip,0.392612,66
2025-06-01,exponential_decay,next_week,w_per_gs,0.444427,66
2025-06-01,exponential_decay,next_week,sv_per_g,0.044328,66
2025-07-01,preseason,ros,k_per_ip,0.125476,72
2025-07-01,preseason,ros,era,1.078651,72
2025-07-01,preseason,ros,whip,0.190077,72
2025-07-01,preseason,ros,w_per_gs,0.143828,72
2025-07-01,preseason,ros,sv_per_g,0.038318,72
2025-07-01,preseason,next_week,hr_per_pa,0.032391,114
2025-07-01,preseason,next_week,r_per_pa,0.058629,114
2025-07-01,preseason,next_week,rbi_per_pa,0.079732,114
2025-07-01,preseason,next_week,sb_per_pa,0.020881,114
2025-07-01,preseason,next_week,avg,0.078005,114
2025-07-01,preseason,ros,hr_per_pa,0.010124,128
2025-07-01,preseason,ros,r_per_pa,0.017808,128
2025-07-01,preseason,ros,rbi_per_pa,0.02314,128
2025-07-01,preseason,ros,sb_per_pa,0.011192,128
2025-07-01,preseason,ros,avg,0.02445,128
2025-07-01,preseason,next_week,k_per_ip,0.307831,53
2025-07-01,preseason,next_week,era,2.164281,53
2025-07-01,preseason,next_week,whip,0.367327,53
2025-07-01,preseason,next_week,w_per_gs,0.362596,53
2025-07-01,preseason,next_week,sv_per_g,0.056555,53
2025-07-01,season_to_date,ros,k_per_ip,0.134249,72
2025-07-01,season_to_date,ros,era,1.156481,72
2025-07-01,season_to_date,ros,whip,0.221275,72
2025-07-01,season_to_date,ros,w_per_gs,0.13519,72
2025-07-01,season_to_date,ros,sv_per_g,0.036613,72
2025-07-01,season_to_date,next_week,hr_per_pa,0.03102,114
2025-07-01,season_to_date,next_week,r_per_pa,0.05974,114
2025-07-01,season_to_date,next_week,rbi_per_pa,0.078884,114
2025-07-01,season_to_date,next_week,sb_per_pa,0.019028,114
2025-07-01,season_to_date,next_week,avg,0.080805,114
2025-07-01,season_to_date,ros,hr_per_pa,0.013309,128
2025-07-01,season_to_date,ros,r_per_pa,0.026315,128
2025-07-01,season_to_date,ros,rbi_per_pa,0.031603,128
2025-07-01,season_to_date,ros,sb_per_pa,0.010786,128
2025-07-01,season_to_date,ros,avg,0.035509,128
2025-07-01,season_to_date,next_week,k_per_ip,0.305278,53
2025-07-01,season_to_date,next_week,era,2.049803,53
2025-07-01,season_to_date,next_week,whip,0.38525,53
2025-07-01,season_to_date,next_week,w_per_gs,0.345052,53
2025-07-01,season_to_date,next_week,sv_per_g,0.042306,53
2025-07-01,fixed_blend,ros,k_per_ip,0.117294,72
2025-07-01,fixed_blend,ros,era,1.136557,72
2025-07-01,fixed_blend,ros,whip,0.193167,72
2025-07-01,fixed_blend,ros,w_per_gs,0.144837,72
2025-07-01,fixed_blend,ros,sv_per_g,0.036714,72
2025-07-01,fixed_blend,next_week,hr_per_pa,0.031163,114
2025-07-01,fixed_blend,next_week,r_per_pa,0.05818,114
2025-07-01,fixed_blend,next_week,rbi_per_pa,0.077574,114
2025-07-01,fixed_blend,next_week,sb_per_pa,0.019684,114
2025-07-01,fixed_blend,next_week,avg,0.078578,114
2025-07-01,fixed_blend,ros,hr_per_pa,0.00988,128
2025-07-01,fixed_blend,ros,r_per_pa,0.019655,128
2025-07-01,fixed_blend,ros,rbi_per_pa,0.02314,128
2025-07-01,fixed_blend,ros,sb_per_pa,0.010716,128
2025-07-01,fixed_blend,ros,avg,0.028377,128
2025-07-01,fixed_blend,next_week,k_per_ip,0.292905,53
2025-07-01,fixed_blend,next_week,era,2.135852,53
2025-07-01,fixed_blend,next_week,whip,0.36283,53
2025-07-01,fixed_blend,next_week,w_per_gs,0.355758,53
2025-07-01,fixed_blend,next_week,sv_per_g,0.054807,53
2025-07-01,reliability_blend,ros,k_per_ip,0.103606,72
2025-07-01,reliability_blend,ros,era,1.035778,72
2025-07-01,reliability_blend,ros,whip,0.192339,72
2025-07-01,reliability_blend,ros,w_per_gs,0.142561,72
2025-07-01,reliability_blend,ros,sv_per_g,0.037454,72
2025-07-01,reliability_blend,next_week,hr_per_pa,0.030971,114
2025-07-01,reliability_blend,next_week,r_per_pa,0.058437,114
2025-07-01,reliability_blend,next_week,rbi_per_pa,0.077925,114
2025-07-01,reliability_blend,next_week,sb_per_pa,0.019686,114
2025-07-01,reliability_blend,next_week,avg,0.078257,114
2025-07-01,reliability_blend,ros,hr_per_pa,0.010552,128
2025-07-01,reliability_blend,ros,r_per_pa,0.019798,128
2025-07-01,reliability_blend,ros,rbi_per_pa,0.023511,128
2025-07-01,reliability_blend,ros,sb_per_pa,0.010067,128
2025-07-01,reliability_blend,ros,avg,0.0261,128
2025-07-01,reliability_blend,next_week,k_per_ip,0.301962,53
2025-07-01,reliability_blend,next_week,era,2.081933,53
2025-07-01,reliability_blend,next_week,whip,0.36906,53
2025-07-01,reliability_blend,next_week,w_per_gs,0.35795,53
2025-07-01,reliability_blend,next_week,sv_per_g,0.054541,53
2025-07-01,exponential_decay,ros,k_per_ip,0.13275,72
2025-07-01,exponential_decay,ros,era,1.254127,72
2025-07-01,exponential_decay,ros,whip,0.240891,72
2025-07-01,exponential_decay,ros,w_per_gs,0.158812,72
2025-07-01,exponential_decay,ros,sv_per_g,0.038771,72
2025-07-01,exponential_decay,next_week,hr_per_pa,0.032452,114
2025-07-01,exponential_decay,next_week,r_per_pa,0.058932,114
2025-07-01,exponential_decay,next_week,rbi_per_pa,0.079036,114
2025-07-01,exponential_decay,next_week,sb_per_pa,0.018939,114
2025-07-01,exponential_decay,next_week,avg,0.081788,114
2025-07-01,exponential_decay,ros,hr_per_pa,0.014029,128
2025-07-01,exponential_decay,ros,r_per_pa,0.023833,128
2025-07-01,exponential_decay,ros,rbi_per_pa,0.030381,128
2025-07-01,exponential_decay,ros,sb_per_pa,0.011511,128
2025-07-01,exponential_decay,ros,avg,0.033157,128
2025-07-01,exponential_decay,next_week,k_per_ip,0.293557,53
2025-07-01,exponential_decay,next_week,era,2.156016,53
2025-07-01,exponential_decay,next_week,whip,0.388428,53
2025-07-01,exponential_decay,next_week,w_per_gs,0.350364,53
2025-07-01,exponential_decay,next_week,sv_per_g,0.055432,53
2025-08-01,preseason,next_week,k_per_ip,0.309901,58
2025-08-01,preseason,next_week,era,2.677746,58
2025-08-01,preseason,next_week,whip,0.514925,58
2025-08-01,preseason,next_week,w_per_gs,0.45195,58
2025-08-01,preseason,next_week,sv_per_g,0.031546,58
2025-08-01,preseason,ros,k_per_ip,0.143979,66
2025-08-01,preseason,ros,era,1.180202,66
2025-08-01,preseason,ros,whip,0.204163,66
2025-08-01,preseason,ros,w_per_gs,0.132412,66
2025-08-01,preseason,ros,sv_per_g,0.039714,66
2025-08-01,preseason,next_week,hr_per_pa,0.03162,107
2025-08-01,preseason,next_week,r_per_pa,0.052918,107
2025-08-01,preseason,next_week,rbi_per_pa,0.073674,107
2025-08-01,preseason,next_week,sb_per_pa,0.024685,107
2025-08-01,preseason,next_week,avg,0.073011,107
2025-08-01,preseason,ros,hr_per_pa,0.011853,123
2025-08-01,preseason,ros,r_per_pa,0.020551,123
2025-08-01,preseason,ros,rbi_per_pa,0.027203,123
2025-08-01,preseason,ros,sb_per_pa,0.013701,123
2025-08-01,preseason,ros,avg,0.03123,123
2025-08-01,season_to_date,next_week,k_per_ip,0.325173,58
2025-08-01,season_to_date,next_week,era,2.656512,58
2025-08-01,season_to_date,next_week,whip,0.527323,58
2025-08-01,season_to_date,next_week,w_per_gs,0.411025,58
2025-08-01,season_to_date,next_week,sv_per_g,0.028449,58
2025-08-01,season_to_date,ros,k_per_ip,0.152065,66
2025-08-01,season_to_date,ros,era,1.157909,66
2025-08-01,season_to_date,ros,whip,0.219741,66
2025-08-01,season_to_date,ros,w_per_gs,0.147974,66
2025-08-01,season_to_date,ros,sv_per_g,0.044389,66
2025-08-01,season_to_date,next_week,hr_per_pa,0.033376,107
2025-08-01,season_to_date,next_week,r_per_pa,0.053954,107
2025-08-01,season_to_date,next_week,rbi_per_pa,0.071921,107
2025-08-01,season_to_date,next_week,sb_per_pa,0.024215,107
2025-08-01,season_to_date,next_week,avg,0.074863,107
2025-08-01,season_to_date,ros,hr_per_pa,0.013318,123
2025-08-01,season_to_date,ros,r_per_pa,0.024797,123
2025-08-01,season_to_date,ros,rbi_per_pa,0.030871,123
2025-08-01,season_to_date,ros,sb_per_pa,0.013016,123
2025-08-01,season_to_date,ros,avg,0.0364,123
2025-08-01,fixed_blend,next_week,k_per_ip,0.314094,58
2025-08-01,fixed_blend,next_week,era,2.670823,58
2025-08-01,fixed_blend,next_week,whip,0.511789,58
2025-08-01,fixed_blend,next_week,w_per_gs,0.429722,58
2025-08-01,fixed_blend,next_week,sv_per_g,0.029079,58
2025-08-01,fixed_blend,ros,k_per_ip,0.139552,66
2025-08-01,fixed_blend,ros,era,1.103064,66
2025-08-01,fixed_blend,ros,whip,0.187549,66
2025-08-01,fixed_blend,ros,w_per_gs,0.124193,66
2025-08-01,fixed_blend,ros,sv_per_g,0.042701,66
2025-08-01,fixed_blend,next_week,hr_per_pa,0.031219,107
2025-08-01,fixed_blend,next_week,r_per_pa,0.050121,107
2025-08-01,fixed_blend,next_week,rbi_per_pa,0.072706,107
2025-08-01,fixed_blend,next_week,sb_per_pa,0.024285,107
2025-08-01,fixed_blend,next_week,avg,0.073319,107
2025-08-01,fixed_blend,ros,hr_per_pa,0.011994,123
2025-08-01,fixed_blend,ros,r_per_pa,0.022832,123
2025-08-01,fixed_blend,ros,rbi_per_pa,0.029926,123
2025-08-01,fixed_blend,ros,sb_per_pa,0.012617,123
2025-08-01,fixed_blend,ros,avg,0.035005,123
2025-08-01,reliability_blend,next_week,k_per_ip,0.304612,58
2025-08-01,reliability_blend,next_week,era,2.641486,58
2025-08-01,reliability_blend,next_week,whip,0.509093,58
2025-08-01,reliability_blend,next_week,w_per_gs,0.446969,58
2025-08-01,reliability_blend,next_week,sv_per_g,0.030557,58
2025-08-01,reliability_blend,ros,k_per_ip,0.13194,66
2025-08-01,reliability_blend,ros,era,1.101598,66
2025-08-01,reliability_blend,ros,whip,0.199476,66
2025-08-01,reliability_blend,ros,w_per_gs,0.132267,66
2025-08-01,reliability_blend,ros,sv_per_g,0.04054,66
2025-08-01,reliability_blend,next_week,hr_per_pa,0.032462,107
2025-08-01,reliability_blend,next_week,r_per_pa,0.052969,107
2025-08-01,reliability_blend,next_week,rbi_per_pa,0.07194,107
2025-08-01,reliability_blend,next_week,sb_per_pa,0.02431,107
2025-08-01,reliability_blend,next_week,avg,0.073495,107
2025-08-01,reliability_blend,ros,hr_per_pa,0.011578,123
2025-08-01,reliability_blend,ros,r_per_pa,0.020817,123
2025-08-01,reliability_blend,ros,rbi_per_pa,0.027649,123
2025-08-01,reliability_blend,ros,sb_per_pa,0.012605,123
2025-08-01,reliability_blend,ros,avg,0.032217,123
2025-08-01,exponential_decay,next_week,k_per_ip,0.309494,58
2025-08-01,exponential_decay,next_week,era,2.762181,58
2025-08-01,exponential_decay,next_week,whip,0.502646,58
2025-08-01,exponential_decay,next_week,w_per_gs,0.445455,58
2025-08-01,exponential_decay,next_week,sv_per_g,0.031126,58
2025-08-01,exponential_decay,ros,k_per_ip,0.169492,66
2025-08-01,exponential_decay,ros,era,1.146506,66
2025-08-01,exponential_decay,ros,whip,0.213993,66
2025-08-01,exponential_decay,ros,w_per_gs,0.134359,66
2025-08-01,exponential_decay,ros,sv_per_g,0.041674,66
2025-08-01,exponential_decay,next_week,hr_per_pa,0.031381,107
2025-08-01,exponential_decay,next_week,r_per_pa,0.052643,107
2025-08-01,exponential_decay,next_week,rbi_per_pa,0.072801,107
2025-08-01,exponential_decay,next_week,sb_per_pa,0.023721,107
2025-08-01,exponential_decay,next_week,avg,0.076189,107
2025-08-01,exponential_decay,ros,hr_per_pa,0.015946,123
2025-08-01,exponential_decay,ros,r_per_pa,0.029187,123
2025-08-01,exponential_decay,ros,rbi_per_pa,0.035745,123
2025-08-01,exponential_decay,ros,sb_per_pa,0.013306,123
2025-08-01,exponential_decay,ros,avg,0.042458,123
2025-09-01,preseason,next_week,k_per_ip,0.339288,50
2025-09-01,preseason,next_week,era,2.65781,50
2025-09-01,preseason,next_week,whip,0.389283,50
2025-09-01,preseason,next_week,w_per_gs,0.393403,50
2025-09-01,preseason,next_week,sv_per_g,0.020894,50
2025-09-01,preseason,next_week,hr_per_pa,0.029114,106
2025-09-01,preseason,next_week,r_per_pa,0.05789,106
2025-09-01,preseason,next_week,rbi_per_pa,0.07231,106
2025-09-01,preseason,next_week,sb_per_pa,0.028178,106
2025-09-01,preseason,next_week,avg,0.088266,106
2025-09-01,preseason,ros,hr_per_pa,0.014992,104
2025-09-01,preseason,ros,r_per_pa,0.029405,104
2025-09-01,preseason,ros,rbi_per_pa,0.033239,104
2025-09-01,preseason,ros,sb_per_pa,0.016601,104
2025-09-01,preseason,ros,avg,0.040772,104
2025-09-01,preseason,ros,k_per_ip,0.160864,42
2025-09-01,preseason,ros,era,1.178831,42
2025-09-01,preseason,ros,whip,0.197665,42
2025-09-01,preseason,ros,w_per_gs,0.196738,42
2025-09-01,preseason,ros,sv_per_g,0.0,42
2025-09-01,season_to_date,next_week,k_per_ip,0.321545,50
2025-09-01,season_to_date,next_week,era,2.488793,50
2025-09-01,season_to_date,next_week,whip,0.356082,50
2025-09-01,season_to_date,next_week,w_per_gs,0.380827,50
2025-09-01,season_to_date,next_week,sv_per_g,0.02632,50
2025-09-01,season_to_date,next_week,hr_per_pa,0.029924,106
2025-09-01,season_to_date,next_week,r_per_pa,0.056854,106
2025-09-01,season_to_date,next_week,rbi_per_pa,0.072667,106
2025-09-01,season_to_date,next_week,sb_per_pa,0.027292,106
2025-09-01,season_to_date,next_week,avg,0.087527,106
2025-09-01,season_to_date,ros,hr_per_pa,0.015738,104
2025-09-01,season_to_date,ros,r_per_pa,0.030571,104
2025-09-01,season_to_date,ros,rbi_per_pa,0.035029,104
2025-09-01,season_to_date,ros,sb_per_pa,0.014651,104
2025-09-01,season_to_date,ros,avg,0.040699,104
2025-09-01,season_to_date,ros,k_per_ip,0.139686,42
2025-09-01,season_to_date,ros,era,1.159702,42
2025-09-01,season_to_date,ros,whip,0.209804,42
2025-09-01,season_to_date,ros,w_per_gs,0.218814,42
2025-09-01,season_to_date,ros,sv_per_g,0.0,42
2025-09-01,fixed_blend,next_week,k_per_ip,0.329939,50
2025-09-01,fixed_blend,next_week,era,2.521523,50
2025-09-01,fixed_blend,next_week,whip,0.390912,50
2025-09-01,fixed_blend,next_week,w_per_gs,0.389414,50
2025-09-01,fixed_blend,next_week,sv_per_g,0.019254,50
2025-09-01,fixed_blend,next_week,hr_per_pa,0.0287,106
2025-09-01,fixed_blend,next_week,r_per_pa,0.057038,106
2025-09-01,fixed_blend,next_week,rbi_per_pa,0.072536,106
2025-09-01,fixed_blend,next_week,sb_per_pa,0.02648,106
2025-09-01,fixed_blend,next_week,avg,0.087785,106
2025-09-01,fixed_blend,ros,hr_per_pa,0.015916,104
2025-09-01,fixed_blend,ros,r_per_pa,0.031647,104
2025-09-01,fixed_blend,ros,rbi_per_pa,0.034632,104
2025-09-01,fixed_blend,ros,sb_per_pa,0.014742,104
2025-09-01,fixed_blend,ros,avg,0.041338,104
2025-09-01,fixed_blend,ros,k_per_ip,0.13771,42
2025-09-01,fixed_blend,ros,era,1.21234,42
2025-09-01,fixed_blend,ros,whip,0.194735,42
2025-09-01,fixed_blend,ros,w_per_gs,0.202234,42
2025-09-01,fixed_blend,ros,sv_per_g,0.0,42
2025-09-01,reliability_blend,next_week,k_per_ip,0.324121,50
2025-09-01,reliability_blend,next_week,era,2.549599,50
2025-09-01,reliability_blend,next_week,whip,0.363711,50
2025-09-01,reliability_blend,next_week,w_per_gs,0.390879,50
2025-09-01,reliability_blend,next_week,sv_per_g,0.022065,50
2025-09-01,reliability_blend,next_week,hr_per_pa,0.029537,106
2025-09-01,reliability_blend,next_week,r_per_pa,0.056185,106
2025-09-01,reliability_blend,next_week,rbi_per_pa,0.072481,106
2025-09-01,reliability_blend,next_week,sb_per_pa,0.02734,106
2025-09-01,reliability_blend,next_week,avg,0.08762,106
2025-09-01,reliability_blend,ros,hr_per_pa,0.014778,104
2025-09-01,reliability_blend,ros,r_per_pa,0.028617,104
2025-09-01,reliability_blend,ros,rbi_per_pa,0.033202,104
2025-09-01,reliability_blend,ros,sb_per_pa,0.014954,104
2025-09-01,reliability_blend,ros,avg,0.039736,104
2025-09-01,reliability_blend,ros,k_per_ip,0.136301,42
2025-09-01,reliability_blend,ros,era,1.08627,42
2025-09-01,reliability_blend,ros,whip,0.197096,42
2025-09-01,reliability_blend,ros,w_per_gs,0.201541,42
2025-09-01,reliability_blend,ros,sv_per_g,0.0,42
2025-09-01,exponential_decay,next_week,k_per_ip,0.329718,50
2025-09-01,exponential_decay,next_week,era,2.467871,50
2025-09-01,exponential_decay,next_week,whip,0.400827,50
2025-09-01,exponential_decay,next_week,w_per_gs,0.39549,50
2025-09-01,exponential_decay,next_week,sv_per_g,0.020931,50
2025-09-01,exponential_decay,next_week,hr_per_pa,0.030302,106
2025-09-01,exponential_decay,next_week,r_per_pa,0.058639,106
2025-09-01,exponential_decay,next_week,rbi_per_pa,0.074785,106
2025-09-01,exponential_decay,next_week,sb_per_pa,0.024398,106
2025-09-01,exponential_decay,next_week,avg,0.089502,106
2025-09-01,exponential_decay,ros,hr_per_pa,0.020504,104
2025-09-01,exponential_decay,ros,r_per_pa,0.03647,104
2025-09-01,exponential_decay,ros,rbi_per_pa,0.041903,104
2025-09-01,exponential_decay,ros,sb_per_pa,0.014629,104
2025-09-01,exponential_decay,ros,avg,0.04861,104
2025-09-01,exponential_decay,ros,k_per_ip,0.14184,42
2025-09-01,exponential_decay,ros,era,1.324563,42
2025-09-01,exponential_decay,ros,whip,0.214557,42
2025-09-01,exponential_decay,ros,w_per_gs,0.211604,42
2025-09-01,exponential_decay,ros,sv_per_g,0.0,42
